id,JS1,JS2,JS3,JS4,JS5,OC1,OC2,OC3,OC4,EP1,EP2,EP3,EP4,AC1,AC2,AC3,AC4,SI1,SI2,SI3,SI4,C1,C2,C3,AGE,EXP,JP,JS,OC,SI,EP,AC
1,5,4,3,3,23.30757134,3,5,10,10,10,10,5,7,1,2,1,1,4,4,3,3,1,0,1,42.03913534,6,5,-0.224992189,-0.363894117,-0.369676203, ,-1.294570575
2,3,4,3,2,42.61736317,0,5,3,7,10,10,10,7,2,1,1,1,5,4,4,4,1,1,1,32.18686229,5.75,4,-0.554784989,-1.6608885,0.388157736,0.867895561,-1.256848421
3,4,2,2,3,60.4770963,6,10,10,10,10,10,10,7,1,4,1,2,5,5,5,5,1,1,1,42.77374243,1,5,-0.515936586,0.780682268,1.281288233,0.867895561,-0.827400488
4,4,5,4,2,33.41836727,7,7,10,7,10,10,9,7,2,1,1,1,5,4,3,4,1,0,1,26.22598372,3,5,-0.13101332,-0.329977095,0.222362752,0.65937665,-1.256848421
5,5,4,3,2,57.53855328,2,10,9,9,10,9,10,6,1,1,2,2,5,5,3,4,1,1,1,36.92131173,14,5,0.001166865,0.321447647,0.641471998,0.435375515,-1.086308282
6,6,6,5,3,61.94308453,5,8,7,7,8,10,7,7,1,2,1,1,5,4,3,3,1,0,1,35.18373164,8,4,1.091082283,-0.480618563,-0.085863515,0.048831145,-1.294570575
7,2,3,6,4,10.98075127,6,10,10,9,9,9,9,6,2,4,3,3,5,5,5,4,1,1,1,44.26647363,12.5,5,-0.520300753,0.595447319,0.973061966,0.130102763,-0.062443914
8,2,2,1,1,21.08330647,4,9,9,7,10,10,10,7,1,1,1,3,3,4,4,2,1,1,1,49.64253732,0.2,5,-1.842971437,-0.155559878,-0.795920174,0.867895561,-1.138110323
9,4,5,1,1,79.6905488,9,10,10,10,8,6,8,3,3,4,3,1,3,3,2,2,1,0,1,27.45370587,0.34,4,-0.208582758,0.921887248,-1.546619387,-1.472730129,-0.181182012
10,5,3,2,2,32.95954483,5,9,9,10,10,10,8,7,2,4,1,4,4,4,3,3,1,0,1,47.07380108,5.274950065,5,-0.621957898,0.447213295,-0.369676203,0.450857739,-0.322066115
11,4,7,5,3,79.09330039,9,10,10,10,10,10,9,7,4,4,4,5,5,5,5,5,1,0,1,47.4038129,0.5,5,1.097277245,0.921887248,1.281288233,0.65937665,0.844008755
12,5,4,4,4,70.91493643,4,10,10,10,10,10,9,7,4,5,2,3,4,4,4,4,1,1,1,33.20366474,6.786410362,5,0.643813245,0.686545614,0.104345048,0.65937665,0.271908185
13,2,4,3,1,49.56819133,1,5,3,6,8,9,8,5,1,2,2,3,5,5,4,5,1,0,1,49.31297435,10,5,-0.836009521,-1.799055123,1.115493249,-0.424929452,-0.77471418
14,4,4,3,3,70.41571324,0,0,9,8,8,8,8,5,1,1,1,1,3,3,2,3,1,1,1,39.79049432,5,5,0.128654736,-1.964666765,-1.23839312,-0.607690036,-1.450146559
15,4,4,4,2,41.76727555,7,9,9,9,9,9,9,6,2,5,2,4,4,5,3,3,1,0,1,47.46290028,7.840908817,5,-0.225302612,0.356114999,0.049433043,0.130102763,0.041330028
16,4,4,5,4,65.98923312,4,10,10,10,8,10,10,7,4,2,4,3,5,5,3,3,1,1,1,40.54514128,5.851644746,4,0.542879249,0.686545614,0.333245731,0.674387879,0.220820552
17,3,4,2,2,53.1439333,4,9,9,8,9,10,10,6,3,3,5,4,5,5,3,4,1,1,1,45.7957441,12.98616557,5,-0.580642959,0.02967507,0.641471998,0.521382259,0.546936675
18,5,6,3,3,91.68198755,7,10,10,10,10,10,10,7,2,3,3,1,5,5,5,5,1,0,1,33.18584432,10.92751634,5,0.948281466,0.827750594,1.281288233,0.867895561,-0.530056134
19,3,2,4,1,54.92171444,7,10,10,10,10,10,9,7,1,2,1,2,5,5,5,5,1,0,1,51.51652985,11.4654188,3,-0.816574184,0.827750594,1.281288233,0.65937665,-1.138552457
20,5,4,3,3,57.83279111,6,10,10,10,10,10,9,7,1,2,2,3,4,4,3,2,1,1,1,47.11376533,11.56616892,5,0.174630727,0.780682268,-0.67790247,0.65937665,-0.77471418
21,2,4,2,2,44.56686143,5,3,7,4,10,10,10,7,1,1,3,1,5,4,3,3,1,0,1,37.23783781,5,3,-0.871541895,-2.039694815,-0.085863515,0.867895561,-1.03450624
22,6,4,5,4,94.45110308,6,10,10,10,10,10,10,7,3,5,4,6,5,5,5,5,1,1,1,57.88680751,9.190456278,5,1.255561923,0.780682268,1.281288233,0.867895561,0.96230472
23,3,4,1,1,26.93181931,5,10,10,10,10,10,10,7,3,2,2,3,5,5,3,4,1,0,1,41.08701491,7.568808136,4,-1.201802392,0.733613941,0.641471998,0.867895561,-0.388117905
24,4,4,3,1,59.3146552,3,8,6,5,8,9,9,4,3,1,1,1,3,4,4,3,1,0,1,42.78307247,8.931277831,5,-0.339954148,-1.030951479,-0.487693907,-0.466170002,-1.063550284
25,7,5,4,4,56.17341266,7,10,10,10,0,4,8,7,2,3,3,2,3,3,3,2,1,0,1,37.05620414,0.5,3,1.047351107,0.827750594,-1.380824404,-1.613244181,-0.374038016
26,4,6,3,3,66.259443,7,8,10,10,10,10,9,7,2,1,1,1,4,4,4,3,1,0,1,36.4270399,7.708148837,4,0.462399357,0.426402032,-0.203881219,0.65937665,-1.256848421
27,4,5,4,3,71.72914176,3,8,10,4,7,4,10,7,2,2,1,1,4,3,3,2,1,0,1,37.94745366,9.044001991,5,0.482484793,-0.873280967,-1.097011716,-0.51892947,-1.101272437
28,4,4,3,2,41.40668294,2,7,7,7,0,7,10,2,2,3,1,1,3,3,3,2,1,1,1,41.16772823,0.3,3,-0.37717744,-0.822497824,-1.380824404,-1.896721912,-0.945696453
29,6,6,3,2,39.57941583,4,8,8,7,7,9,8,5,1,2,2,1,4,4,3,4,1,1,1,40.90100685,11.35805689,3,0.366766843,-0.441960525,-0.061449936,-0.521683293,-1.086750415
30,4,6,4,4,80.09238558,9,10,7,7,10,10,10,7,1,2,1,2,3,3,2,2,1,0,1,42.68079444,10.92671649,5,0.940272212,0.109003306,-1.546619387,0.867895561,-1.138552457
31,3,1,2,2,13.10733689,2,7,8,4,7,7,7,4,2,1,1,1,4,3,3,2,1,1,1,39.58819647,7.633451169,3,-1.616838021,-1.292476305,-1.097011716,-1.345482835,-1.256848421
32,4,5,5,5,70.0205658,9,9,9,9,5,9,7,4,1,2,1,2,3,3,3,3,1,0,1,51.71445053,0.5,5,0.950525613,0.450251653,-1.072598137,-1.173469348,-1.138552457
33,4,4,3,1,71.95620618,5,10,9,9,10,10,9,7,3,2,3,2,4,5,5,4,1,0,1,43.57569363,11.19269672,5,-0.193630576,0.462652627,0.689249278,0.65937665,-0.336315863
34,5,4,2,1,40.49563073,4,8,8,8,8,8,8,3,1,2,2,2,3,4,3,3,1,1,1,50.70749311,9.37189489,5,-0.513860904,-0.256725576,-0.653488891,-1.10720896,-0.930732297
35,5,5,5,1,71.52960055,0,3,8,3,8,10,8,5,1,2,2,2,2,3,2,2,1,1,1,48.3531128,7.791011008,5,0.479380895,-2.374545031,-1.830432075,-0.242168867,-0.930732297
36,5,6,5,2,64.78106819,6,10,10,10,7,9,9,6,2,3,2,4,5,5,5,4,1,1,1,52.88131157,2,5,0.762252351,0.780682268,0.973061966,-0.06340492,-0.26982194
37,2,4,4,3,71.22504304,5,8,8,8,8,8,8,5,2,2,1,2,5,4,3,3,1,0,1,41.68751645,11.50880715,5,-0.097518277,-0.209657249,-0.085863515,-0.607690036,-0.945254319
38,4,6,4,4,80.32693273,4,9,8,10,9,9,9,5,3,2,3,3,4,3,3,3,1,1,1,47.20451152,7.085269123,4,0.942987051,0.314418603,-0.788785449,-0.119656699,-0.180297745
39,3,2,2,1,29.34153671,7,10,8,8,10,10,10,7,3,5,4,2,4,4,3,3,1,0,1,32.21470871,9.725863331,5,-1.408061996,0.285827966,-0.369676203,0.867895561,0.338232249
40,3,5,3,1,34.29607953,3,10,10,10,9,10,10,7,1,1,1,3,5,5,4,4,1,0,1,52.65334481,8.793757071,5,-0.630234061,0.639477288,0.807266982,0.77114172,-1.138110323
41,5,4,4,3,49.2013125,2,8,8,8,10,10,10,7,3,2,3,2,3,4,3,3,1,1,1,38.96174308,6.74092021,5,0.222424024,-0.350862229,-0.653488891,0.867895561,-0.336315863
42,4,4,3,2,71.32037025,6,10,10,9,9,10,10,7,1,3,3,6,3,5,3,4,1,1,1,61.16127905,19.71001016,5,-0.030932144,0.595447319,0.073846622,0.77114172,0.056736317
43,4,4,3,3,54.81647682,2,5,8,5,0,1,5,1,1,2,1,2,1,2,1,1,1,1,1,51.08805242,7.747752055,3,-0.051903488,-1.508589919,-3.00737526,-4.285639439,-1.138552457
44,4,4,4,3,62.87659014,8,10,10,10,10,10,10,7,1,2,1,1,4,4,3,4,1,1,1,36.10250616,4.952448222,3,0.189091843,0.874818921,-0.061449936,0.867895561,-1.294570575
45,6,6,6,5,76.22476522,9,9,9,9,9,9,9,6,3,2,2,3,4,3,4,4,1,0,1,41.4355333,2.641152513,5,1.744207311,0.450251653,-0.314764198,0.130102763,-0.388117905
46,4,6,4,5,79.01436614,2,8,8,8,8,3,8,5,2,3,2,1,4,4,3,3,1,1,1,44.14140274,8.360632877,2,1.097852454,-0.350862229,-0.369676203,-1.52149296,-0.737876294
47,3,3,1,1,36.3468094,0,2,8,2,7,6,8,5,1,1,1,1,2,4,3,3,1,1,1,47.6258141,7.363512502,3,-1.283751988,-2.760454261,-0.937301579,-1.069965047,-1.450146559
48,6,6,6,4,40.82426142,0,10,7,7,9,10,10,7,3,4,1,1,5,5,5,4,1,1,1,38.03170952,12.48174888,5,1.164395034,-0.314611634,0.973061966,0.77114172,-0.596822331
49,5,6,5,3,66.04628411,1,6,9,5,9,9,9,6,3,1,1,1,4,4,4,4,1,0,1,33.22892464,10.0166377,3,0.946955101,-1.269257599,0.104345048,0.130102763,-1.063550284
50,6,4,4,2,40.98049169,6,10,9,10,10,8,10,5,5,5,4,3,5,5,5,5,1,1,1,36.82987094,4.845068302,2,0.148832402,0.694955902,1.281288233,0.002855469,0.880846642
51,5,3,3,4,73.46408654,6,10,10,10,7,10,10,7,2,3,1,3,4,5,3,4,1,1,1,49.03364795,12.333269,5,0.334691808,0.780682268,0.35765931,0.577634038,-0.633660217
52,3,1,2,1,43.78356,2,10,10,10,10,10,10,6,2,1,1,4,5,5,3,4,1,1,1,53.33316685,10.32277423,5,-1.43182463,0.592408961,0.641471998,0.6181361,-0.788794068
53,7,5,2,5,96.42937398,0,4,10,3,10,10,10,7,1,1,1,2,5,4,3,4,1,1,1,47.69925757,11.71965257,2,1.387962317,-2.00241802,0.222362752,0.867895561,-1.294128441
54,3,3,2,1,31.47293275,6,7,7,7,5,5,5,1,1,1,1,1,2,2,1,2,1,1,1,45.48498489,10.5210089,2,-1.192465156,-0.634224517,-2.415336305,-3.070827894,-1.450146559
55,3,5,3,3,64.75379045,1,10,8,10,10,7,10,7,1,1,1,1,4,4,3,3,1,0,1,34.2734585,0.139133192,5,0.062424434,0.373887904,-0.369676203,0.319613807,-1.450146559
56,5,3,3,3,66.57652284,6,6,10,10,3,10,10,7,2,3,3,3,1,1,2,1,1,1,1,42.70698846,8.375268574,5,0.084911442,-0.022014856,-3.260689522,0.190618673,-0.218019899
57,5,4,5,2,55.56663076,7,8,8,8,6,7,7,4,4,6,5,6,4,4,3,3,1,0,1,53.42342549,13.26416339,5,0.273744307,-0.115520596,-0.369676203,-1.442236676,1.518999001
58,4,5,4,2,51.10927623,9,10,8,8,10,10,10,7,1,2,1,2,5,5,3,4,1,0,1,40.3463865,13.20434643,3,0.073755619,0.37996462,0.641471998,0.867895561,-1.138552457
59,5,7,5,5,64.8511805,4,10,10,10,10,10,10,7,2,2,3,3,4,5,5,4,1,1,1,47.07520253,13.04434588,5,1.464164562,0.686545614,0.689249278,0.867895561,-0.373595883
60,2,3,1,1,46.93592682,10,10,10,10,10,10,10,7,3,2,3,5,4,5,5,4,1,1,1,50.22848435,17.90342601,5,-1.352805893,0.968955574,0.689249278,0.867895561,0.13173849
61,4,5,3,3,59.3400235,6,10,10,10,10,10,10,7,3,1,3,3,5,5,1,4,1,1,1,41.27727901,14.86994788,5,0.191382046,0.780682268,0.30988203,0.867895561,-0.335873729
62,3,5,4,4,66.53803363,8,10,9,9,8,9,9,6,1,2,1,2,4,4,5,4,1,1,1,52.30263251,11.80110866,5,0.400835864,0.603857607,0.270140032,0.033348921,-1.138552457
63,4,4,3,1,47.86338211,3,10,8,8,7,7,9,5,2,2,2,1,5,5,5,5,1,0,1,39.39896437,7.191459861,2,-0.472500477,0.09755466,1.281288233,-0.678685551,-0.893452278
64,6,4,5,3,42.42022311,8,10,10,10,10,10,10,7,3,3,3,4,5,5,5,5,1,1,1,49.44625096,11.46350763,4,0.483256173,0.874818921,1.281288233,0.867895561,0.131296357
65,4,4,4,3,54.95302264,5,10,10,10,10,10,10,7,1,2,1,2,4,5,3,3,1,0,1,44.62926673,2.859352476,3,0.097378041,0.733613941,0.049433043,0.867895561,-1.138552457
66,3,4,1,1,28.76218904,4,7,10,7,7,10,7,4,1,3,1,1,4,5,3,4,1,1,1,44.38990122,13.77850628,5,-1.180616207,-0.471182075,0.35765931,-0.797201081,-1.13899459
67,5,5,3,4,99.24710897,1,5,8,8,8,10,10,7,2,2,3,2,4,4,3,3,1,1,1,36.72772148,5.62737207,5,1.014978103,-0.999953399,-0.369676203,0.674387879,-0.529614001
68,5,4,5,4,81.28577861,9,10,10,6,2,8,8,5,4,4,3,4,5,5,3,4,1,0,1,44.38706517,8.969080636,5,0.911554827,0.180947452,0.641471998,-1.188213083,0.480170478
69,5,5,4,1,40.38914475,4,10,10,10,10,8,8,4,2,3,3,1,4,4,5,4,1,1,1,39.54930251,9.937096139,2,-0.028765053,0.686545614,0.270140032,-0.663941816,-0.530056134
70,2,3,2,3,33.3631259,9,10,10,10,10,10,10,7,2,3,2,2,5,5,5,5,1,0,1,42.88367285,8.18534155,5,-1.022091243,0.921887248,1.281288233,0.867895561,-0.581858176
71,5,4,2,4,54.48779566,2,10,10,10,9,10,10,6,3,4,4,3,4,4,5,4,1,1,1,34.56245383,5.033224038,5,0.158270112,0.592408961,0.270140032,0.521382259,0.338674382
72,3,6,3,4,42.05890329,7,8,10,9,9,10,9,5,2,1,1,1,5,5,4,4,1,0,1,36.28936562,5.105588421,5,0.160719837,0.241167084,0.807266982,0.063103886,-1.256848421
73,5,5,6,3,56.39319475,1,8,3,9,9,9,9,6,1,1,1,2,4,5,5,4,1,1,1,50.54480192,0.5,3,0.791997113,-0.641327433,0.689249278,0.130102763,-1.294128441
74,5,4,5,3,57.67077064,5,9,9,9,8,8,8,5,2,4,3,6,5,5,3,4,1,0,1,61.77866451,15.06463984,5,0.468157444,0.261978346,0.641471998,-0.607690036,0.405610439
75,5,5,2,3,67.81159671,7,10,10,10,9,10,10,6,2,6,3,2,4,5,3,4,1,0,1,32.78751459,8.021698137,3,0.333358819,0.827750594,0.35765931,0.521382259,0.092689936
76,2,4,1,1,29.95694869,4,8,9,9,9,9,9,6,1,1,2,2,4,4,3,3,1,1,1,43.5150065,12.43629337,4,-1.358408034,0.014235738,-0.369676203,0.130102763,-1.086308282
77,3,3,1,3,33.25558956,5,9,9,8,8,10,9,5,1,2,2,1,1,4,3,4,1,0,1,38.51376349,8.405633079,5,-0.979416048,0.076743397,-0.912888,-0.033649956,-1.086750415
78,3,4,4,3,37.60255707,3,0,10,0,10,10,10,7,1,1,1,1,4,4,3,2,1,0,1,46.89319807,7.610943267,4,-0.295071275,-3.21961501,-0.67790247,0.867895561,-1.450146559
79,4,5,3,2,26.8499486,0,0,8,0,10,10,10,7,1,2,2,2,1,1,1,1,1,1,1,41.66303703,3.576783951,3,-0.354742565,-3.532272721,-3.426484506,0.867895561,-0.930732297
80,2,4,3,2,20.24539089,5,10,10,8,10,10,10,7,1,3,1,2,5,5,5,4,1,0,1,38.80947473,10.57234694,5,-1.005357299,0.363144043,0.973061966,0.867895561,-0.982976473
81,6,3,4,4,79.51190404,7,9,9,9,7,7,7,5,2,1,1,4,4,3,2,3,1,0,1,56.9244317,3.121736606,5,0.744016138,0.356114999,-0.954580432,-1.095723373,-0.788794068
82,5,6,4,4,85.03169326,1,8,7,7,8,8,8,5,3,3,4,4,4,4,3,4,1,0,1,47.14609119,3.102176456,5,1.189064713,-0.66889187,-0.061449936,-0.607690036,0.339116516
83,4,2,3,1,28.60696073,4,8,4,8,9,10,10,7,1,1,2,1,4,4,3,3,1,1,1,35.23789012,6.070003677,5,-1.077242594,-0.599631037,-0.369676203,0.77114172,-1.242326399
84,3,3,2,2,52.82420989,9,9,9,9,10,10,10,7,1,1,1,3,5,4,4,3,1,0,1,45.42924967,5.959119365,5,-0.77527003,0.450251653,0.079931469,0.867895561,-1.138110323
85,5,4,1,1,46.36392595,1,8,8,8,5,9,9,4,4,2,2,4,4,4,3,3,1,1,1,49.03454809,8.67532229,5,-0.593637528,-0.397930556,-0.369676203,-0.756431525,-0.038801649
86,4,3,3,4,58.14261259,7,9,9,9,7,7,7,4,3,6,5,3,4,4,3,3,1,0,1,31.44387124,3.064229395,4,-0.034272312,0.356114999,-0.369676203,-1.345482835,0.85764651
87,6,4,2,1,58.93065999,2,7,6,7,7,10,10,7,1,1,1,1,5,4,3,4,1,1,1,48.071336,8.17569819,4,-0.108857968,-0.908224189,0.222362752,0.577634038,-1.450146559
88,6,6,2,2,67.46860981,6,10,10,10,10,10,10,7,1,2,2,2,5,5,3,3,1,1,1,41.37504381,9.649136419,4,0.541877973,0.780682268,0.333245731,0.867895561,-0.930732297
89,4,3,2,2,28.27268425,6,10,10,10,7,9,9,5,3,1,2,3,5,5,4,4,1,1,1,50.5621893,9.869065868,5,-0.867828371,0.780682268,0.807266982,-0.313164381,-0.543693889
90,4,5,3,3,25.30969755,6,9,9,10,9,9,9,6,1,1,1,1,4,5,4,4,1,1,1,43.91996829,3.851538156,5,-0.202512567,0.494281621,0.523454294,0.130102763,-1.450146559
91,7,7,4,5,74.27455536,6,10,9,10,10,10,10,7,2,4,4,3,4,4,3,4,1,1,1,43.3926325,5.28537881,4,1.808779204,0.694955902,-0.061449936,0.867895561,0.145376245
92,4,5,2,1,31.83126816,6,10,10,10,10,10,10,7,3,5,4,4,5,5,3,4,1,1,1,46.30868986,8.310780424,5,-0.61484388,0.780682268,0.641471998,0.867895561,0.650268484
93,4,1,1,4,32.39393454,4,8,7,7,2,5,5,2,2,3,4,4,4,3,3,3,1,1,1,49.82270806,15.96035867,5,-1.00956315,-0.52768689,-0.788785449,-3.111329956,0.145818378
94,2,3,1,1,7.58137956,1,2,9,9,8,5,5,4,1,2,1,1,2,2,2,2,1,0,1,45.72880842,11.60748472,2,-1.808327365,-1.331014928,-2.249541321,-2.031287986,-1.294570575
95,4,4,2,2,33.69247598,3,6,7,7,7,6,6,4,1,1,2,1,5,4,3,3,1,0,1,29.23863887,8.887137421,5,-0.614168969,-0.976103778,-0.085863515,-1.736762331,-1.242326399
96,4,6,5,5,57.15541804,7,9,9,7,8,8,9,6,4,4,3,2,4,4,3,3,1,0,1,29.81974328,5.445082869,5,0.992540284,-0.014354898,-0.369676203,-0.149411663,0.168134243
97,5,6,6,2,62.40502537,8,10,10,10,10,10,10,7,1,2,2,2,5,4,3,4,1,1,1,42.87252485,10.09779514,5,0.882451139,0.874818921,0.222362752,0.867895561,-0.930732297
98,4,5,3,2,64.99102061,6,7,10,8,9,10,10,5,1,1,1,1,4,5,3,3,1,1,1,32.17635207,8.429053111,5,0.086733159,-0.191810473,0.049433043,0.271622797,-1.450146559
99,4,6,3,4,40.42369752,4,2,8,5,9,9,9,7,2,3,1,2,4,4,4,3,1,1,1,45.98613117,1.674990475,4,0.333413583,-2.016476108,-0.203881219,0.379862224,-0.789678335
100,3,4,1,2,42.18101649,9,10,10,10,10,10,10,7,2,2,3,5,4,4,5,4,1,0,1,58.37931642,11.16914002,5,-0.855237693,0.921887248,0.270140032,0.867895561,-0.061559647
101,4,4,2,1,22.74107451,7,10,10,10,10,10,10,7,2,3,2,3,4,4,4,4,1,0,0,44.52140081,10.91390403,4,-0.910987493,0.827750594,0.104345048,0.867895561,-0.425840058
102,3,4,3,1,14.33016436,7,8,8,8,8,8,8,5,1,2,1,3,3,2,1,1,1,0,0,45.83465721,9.724315283,3,-1.052262101,-0.115520596,-2.439749884,-0.607690036,-0.982534339
103,2,4,2,2,29.87985276,1,4,4,4,7,4,7,1,2,1,3,2,2,2,2,1,1,0,0,37.35395878,11.47717587,5,-1.041541254,-2.284472936,-2.557767588,-2.643042974,-0.685189985
104,6,6,2,3,68.07733709,3,6,8,8,10,10,10,7,1,1,1,1,5,4,3,4,1,0,0,37.54224217,4.090435013,5,0.718981991,-0.705142464,0.222362752,0.867895561,-1.450146559
105,4,2,2,1,41.08803714,2,8,8,8,8,8,8,5,2,1,2,1,4,4,3,3,1,1,0,38.6252712,5.730314609,5,-1.080477522,-0.350862229,-0.369676203,-0.607690036,-1.049028262
106,3,4,2,3,57.34006727,4,9,9,8,9,9,9,5,1,1,2,1,3,4,3,3,1,1,0,36.52657851,8.300966918,5,-0.362015385,0.02967507,-0.653488891,-0.119656699,-1.242326399
107,5,5,2,1,40.75804973,9,9,9,9,6,7,7,3,4,4,4,4,3,3,2,3,1,0,0,48.58300987,7.419616864,5,-0.31989712,0.450251653,-1.23839312,-1.691996138,0.687990638
108,3,5,3,2,37.52869849,10,9,9,9,5,7,7,5,1,3,1,2,4,4,2,3,1,0,0,42.48353168,5.407364135,5,-0.422758991,0.497319979,-0.535471187,-1.289231056,-0.982976473
109,4,3,3,2,37.30886038,6,8,8,8,7,7,7,4,2,1,1,1,4,4,2,3,1,1,0,41.24686578,7.715442053,2,-0.615535297,-0.162588922,-0.535471187,-1.345482835,-1.256848421
110,6,5,4,5,85.21854936,5,9,9,9,9,9,9,6,3,1,2,1,4,4,4,4,1,0,0,43.52146221,14.67027982,3,1.361980263,0.261978346,0.104345048,0.130102763,-0.855730124
111,5,2,4,2,70.50080266,7,10,10,10,10,10,10,7,1,2,1,2,4,5,3,4,1,0,0,48.88811258,9.974487534,5,-0.082949169,0.827750594,0.35765931,0.867895561,-1.138552457
112,5,3,1,1,53.91884289,6,10,10,10,10,10,10,7,1,1,1,1,5,5,5,3,1,1,0,36.30107288,7.457900175,4,-0.697117121,0.780682268,0.664835699,0.867895561,-1.450146559
113,6,6,5,2,64.95116444,7,9,7,9,7,9,9,6,3,3,2,4,4,4,2,3,1,0,0,52.36031875,9.390987241,5,0.955842127,0.184662269,-0.535471187,-0.06340492,-0.076523803
114,4,5,4,3,64.86833492,2,9,9,8,8,9,8,5,1,1,1,1,4,4,2,2,1,1,0,38.16837949,5.577497891,5,0.403072246,-0.064461583,-0.843697454,-0.424929452,-1.450146559
115,4,4,4,2,64.8183685,2,6,7,8,6,7,7,4,2,1,1,2,4,4,3,3,1,1,0,49.12385899,15.26212797,3,0.041509447,-0.837937156,-0.369676203,-1.442236676,-1.100830303
116,2,4,1,2,33.9347102,3,8,8,8,8,8,8,5,1,2,1,1,3,3,2,3,1,0,0,38.83204576,5.416604391,5,-1.14230808,-0.303793902,-1.23839312,-0.607690036,-1.294570575
117,6,5,6,4,65.81269142,6,10,10,10,10,10,10,7,2,5,3,4,4,4,3,3,1,1,0,44.87450129,8.368083136,5,1.262705071,0.780682268,-0.369676203,0.867895561,0.249150187
118,2,2,2,2,24.33659417,4,8,7,7,7,7,7,6,2,4,1,2,3,3,2,2,1,1,0,43.85809081,7.630647157,5,-1.487556094,-0.52768689,-1.546619387,-0.845963912,-0.634102351
119,4,4,4,3,79.93727187,5,9,8,10,7,0,8,3,1,1,1,2,5,5,5,3,1,0,0,51.92685608,8.651664266,5,0.38656602,0.36148693,0.664835699,-2.666047478,-1.294128441
120,2,3,2,2,60.7038005,0,4,7,2,7,7,7,1,1,1,1,1,1,1,1,1,1,1,0,34.82390297,10.62600742,5,-0.875686198,-2.444832065,-3.426484506,-2.09476122,-1.450146559
121,4,4,3,5,91.73872914,3,8,8,8,9,10,9,6,3,2,3,3,5,5,4,4,1,0,0,36.6043074,4.690673956,3,0.715580857,-0.303793902,0.807266982,0.312863347,-0.180297745
122,3,3,3,2,43.10038026,4,9,9,9,9,9,9,6,3,4,2,4,4,4,4,4,1,1,0,47.91643505,7.66311358,5,-0.74012049,0.214910019,0.104345048,0.130102763,0.079052181
123,5,5,4,2,60.50133119,7,8,8,10,8,10,8,7,2,2,1,3,5,5,3,4,1,0,0,52.22305869,11.33390414,3,0.374087831,0.254949302,0.641471998,0.257350056,-0.789236202
124,5,4,2,2,72.40547231,9,9,9,7,9,9,9,6,3,1,2,1,4,4,3,2,1,0,0,31.77721464,5.851102271,5,0.025547616,0.079781755,-0.67790247,0.130102763,-0.855730124
125,4,3,4,1,47.00100107,4,7,7,7,7,7,7,4,1,2,2,4,3,4,2,3,1,1,0,58.021382,6.852144388,1,-0.525707672,-0.728361171,-0.819283875,-1.345482835,-0.618696062
126,5,5,2,2,35.22863356,9,8,8,7,8,9,9,5,1,1,3,3,1,3,2,3,1,0,0,46.5993375,0.334597643,5,-0.213840957,-0.206618891,-1.806018496,-0.21641054,-0.722470004
127,4,4,2,4,18.00341904,0,6,6,6,9,10,10,5,3,2,1,1,4,4,3,4,1,1,0,29.51129655,7.813772585,5,-0.455650621,-1.388270073,-0.061449936,0.271622797,-0.9079743
128,3,3,5,2,36.19313582,0,5,5,6,6,6,6,2,1,2,1,1,3,3,3,2,1,1,0,30.44530698,9.069544612,4,-0.52466847,-1.674670719,-1.380824404,-2.333035095,-1.294570575
129,5,3,3,2,94.30295069,10,8,9,9,9,9,9,6,1,2,1,2,3,4,2,3,1,1,0,38.92465896,5.862425282,5,0.235781508,0.296645698,-0.819283875,0.130102763,-1.138552457
130,4,4,3,2,29.84640281,4,9,9,8,4,5,8,4,1,1,2,2,4,3,3,3,1,1,0,52.83498111,10.05019598,5,-0.510985505,0.02967507,-0.788785449,-1.792746616,-1.086308282
131,4,5,3,2,40.64255156,6,9,9,9,7,9,9,6,2,3,1,1,4,3,3,3,1,1,0,40.11558488,8.377292436,3,-0.195095784,0.309046673,-0.788785449,-0.06340492,-0.945696453
132,7,6,4,4,78.81667554,0,9,9,9,8,9,9,6,1,3,2,4,4,4,3,3,1,1,0,54.28988324,12.89218731,5,1.500368943,0.026636713,-0.369676203,0.033348921,-0.463120078
133,7,7,6,5,83.81034436,3,8,8,8,8,8,8,5,3,3,2,3,4,4,2,3,1,0,0,39.85232423,8.524575539,5,2.214556239,-0.303793902,-0.535471187,-0.607690036,-0.232541921
134,4,3,3,1,48.26756377,4,7,7,7,4,2,6,3,3,1,1,2,3,1,1,1,1,1,0,49.88666529,6.871774101,5,-0.658748484,-0.728361171,-2.85885913,-3.007825655,-0.907532166
135,5,2,3,3,42.82146519,2,9,9,9,9,9,9,6,2,3,2,3,4,4,4,4,1,1,0,44.81981685,3.983708684,3,-0.380975209,0.120773366,0.104345048,0.130102763,-0.425840058
136,5,4,4,3,60.62348172,7,9,9,9,7,8,8,5,1,2,2,1,4,4,3,3,1,0,0,37.54210985,13.59472038,2,0.354633482,0.356114999,-0.369676203,-0.704443877,-1.086750415
137,3,2,3,1,29.62775325,6,10,10,10,8,9,9,7,2,3,2,3,4,4,3,3,1,1,0,44.0065004,6.477923109,5,-1.257048057,0.780682268,-0.369676203,0.283108383,-0.425840058
138,5,5,6,5,60.7682012,6,10,10,10,9,8,10,7,2,3,3,4,5,3,3,3,1,1,0,51.02201131,6.628504251,5,1.182753216,0.780682268,-0.504972761,0.405620551,-0.062001781
139,2,3,3,1,40.08100892,5,8,8,8,8,7,8,5,2,1,1,1,4,3,3,3,1,0,0,46.9571668,3.075528115,4,-1.136748203,-0.209657249,-0.788785449,-0.790450621,-1.256848421
140,4,6,5,4,70.89270722,6,7,7,8,8,8,8,5,2,3,3,2,3,3,3,3,1,1,0,43.44575746,9.481883878,4,0.981488705,-0.448989569,-1.072598137,-0.607690036,-0.374038016
141,5,3,4,4,61.07417131,6,10,10,10,10,10,10,7,2,2,2,2,5,5,5,5,1,1,0,36.88518186,6.4921189,5,0.33898191,0.780682268,1.281288233,0.867895561,-0.73743416
142,5,4,2,3,47.71455736,4,10,10,10,9,10,10,5,2,1,1,2,5,4,3,3,1,1,0,43.97009049,7.268211444,5,-0.09018696,0.686545614,-0.085863515,0.271622797,-1.100830303
143,7,5,4,3,67.21411899,5,5,8,7,8,8,8,5,1,1,1,1,4,4,3,3,1,0,0,47.70424586,10.43188413,5,1.005087089,-0.996915041,-0.369676203,-0.607690036,-1.450146559
144,2,2,1,1,13.32526601,4,5,8,8,5,5,5,2,1,2,1,1,4,5,4,3,1,1,0,39.22405019,10.7734951,2,-1.932769294,-0.858748419,0.215228027,-2.821068433,-1.294570575
145,5,6,6,5,77.88871619,7,10,10,10,10,10,10,7,3,1,1,3,5,5,4,5,1,0,0,49.732336,10.32653899,5,1.571846286,0.827750594,1.115493249,0.867895561,-0.751514048
146,3,4,2,2,64.10901263,6,8,8,8,5,4,5,1,1,1,1,1,5,5,3,3,1,1,0,44.13017098,11.46235991,3,-0.453724231,-0.162588922,0.333245731,-3.253588479,-1.450146559
147,5,5,4,5,59.14428499,6,9,9,9,7,9,9,6,3,1,1,3,4,3,3,2,1,1,0,48.23689845,8.04164669,5,0.868554619,0.309046673,-1.097011716,-0.06340492,-0.751514048
148,5,5,3,4,45.45397977,2,8,8,8,7,8,8,4,3,3,4,3,3,3,2,2,1,1,0,38.26192262,11.05923104,5,0.392332764,-0.350862229,-1.546619387,-0.954203339,0.183098398
149,5,5,3,3,67.76503734,5,10,8,8,5,8,8,5,4,3,2,2,4,4,3,3,1,0,0,39.31536682,4.352615141,4,0.480520939,0.191691313,-0.369676203,-0.89795156,-0.195261901
150,5,7,4,5,96.52920148,6,6,5,8,7,7,9,5,1,2,2,2,4,4,3,2,1,1,0,37.25990603,7.30483171,5,1.683130652,-0.82111658,-0.67790247,-0.678685551,-0.930732297
151,3,4,3,4,17.17507684,1,0,9,0,4,6,6,3,1,1,1,1,2,2,2,1,1,0,0,36.28840612,6.620993588,2,-0.509158433,-3.399478029,-2.557767588,-2.276783316,-1.450146559
152,7,5,5,5,73.95774103,8,10,10,10,10,10,10,7,1,3,1,3,4,5,4,4,1,1,0,47.61252688,14.91803783,5,1.570960508,0.874818921,0.523454294,0.867895561,-0.826958355
153,4,5,4,2,61.16826663,4,10,10,10,10,10,10,7,2,1,2,2,5,5,3,5,1,1,0,41.55545049,12.65768904,5,0.190186539,0.686545614,0.949698265,0.867895561,-0.893010144
154,5,4,4,2,73.72934051,2,9,9,9,7,8,8,4,2,3,2,4,3,3,2,3,1,1,0,54.95936826,11.49370049,5,0.336273215,0.120773366,-1.23839312,-0.954203339,-0.26982194
155,4,4,5,3,38.83836514,7,9,9,9,9,9,9,5,1,4,2,4,4,5,3,4,1,0,0,56.36848008,9.965705672,5,0.058554952,0.356114999,0.35765931,-0.119656699,-0.307544094
156,7,6,5,4,79.59182407,8,10,10,10,10,10,10,7,3,3,3,2,5,5,5,4,1,1,0,40.24887361,8.476314376,5,1.657042178,0.874818921,0.973061966,0.867895561,-0.180739879
157,4,2,3,2,27.41329933,6,8,8,8,7,7,7,4,1,2,1,1,4,4,2,3,1,1,0,40.12622748,9.521599916,5,-0.921000886,-0.162588922,-0.535471187,-1.345482835,-1.294570575
158,4,3,4,4,53.20580571,5,10,10,10,10,10,10,7,1,2,2,2,5,5,5,4,1,0,0,37.92783045,13.19274447,5,0.056286115,0.733613941,0.973061966,0.867895561,-0.930732297
159,4,2,1,1,37.85404947,2,10,10,10,10,10,10,7,1,1,1,1,5,5,5,3,1,1,0,36.39423142,8.006466297,3,-1.265611357,0.592408961,0.664835699,0.867895561,-1.450146559
160,4,6,4,4,74.27406287,7,9,9,9,10,10,10,7,3,5,2,5,5,5,3,4,1,0,0,56.3902564,15.10781171,5,0.872926223,0.356114999,0.641471998,0.867895561,0.390646283
161,4,5,4,3,73.10266821,7,9,9,9,9,9,9,6,3,1,1,5,3,3,2,3,1,0,0,61.87470389,9.164391574,5,0.498383103,0.356114999,-1.23839312,0.130102763,-0.439477813
162,4,3,5,2,58.1898357,4,10,10,10,9,10,10,7,3,2,3,2,5,5,5,5,1,1,0,45.92034962,13.98884363,4,-0.078439868,0.686545614,1.281288233,0.77114172,-0.336315863
163,5,4,2,3,44.92158417,1,5,7,7,7,5,5,2,1,1,2,1,4,4,2,1,1,0,0,42.28691585,7.331986334,2,-0.122515098,-1.270914713,-1.151923721,-2.62756075,-1.242326399
164,6,5,4,4,60.39527325,6,10,10,10,0,10,10,7,4,4,3,6,5,5,5,5,1,1,0,60.20120769,25,5,0.904597403,0.780682268,1.281288233,-0.09964285,0.792206714
165,5,5,5,3,60.54369365,6,10,10,10,9,10,9,7,4,3,3,4,5,5,5,5,1,1,0,53.31757278,7.204747695,5,0.692337319,0.780682268,1.281288233,0.562622809,0.324594494
166,3,3,2,2,30.75259192,7,9,9,9,9,9,9,6,1,1,1,1,4,4,4,4,1,0,0,37.46148622,5.709159725,5,-1.030744851,0.356114999,0.104345048,0.130102763,-1.450146559
167,5,5,4,2,55.92574118,5,10,10,10,10,10,10,7,2,3,3,2,5,5,5,5,1,0,0,42.49076493,10.61823521,4,0.321126239,0.733613941,1.281288233,0.867895561,-0.374038016
168,5,6,4,4,42.2560691,6,10,10,10,10,10,10,7,1,2,2,2,5,5,3,5,1,1,0,43.94432679,7.928122274,5,0.69394492,0.780682268,0.949698265,0.867895561,-0.930732297
169,5,5,2,3,48.62294206,0,8,7,7,7,7,8,4,2,1,1,1,3,4,3,3,1,1,0,46.9064527,7.740146542,5,0.111253755,-0.715960196,-0.653488891,-1.136963924,-1.256848421
170,4,6,3,5,80.99563577,9,10,10,10,10,10,10,7,1,3,3,1,5,5,5,4,1,0,0,32.3155359,4.271528844,5,0.97308424,0.921887248,0.973061966,0.867895561,-0.723354272
171,2,1,1,1,27.91120765,0,3,9,4,4,1,9,6,1,1,1,1,2,3,1,1,1,1,0,43.70922266,12.09444087,4,-1.9548661,-2.103583717,-2.304453326,-1.81575112,-1.450146559
172,2,2,1,1,34.86641562,7,9,9,9,8,8,9,6,2,3,1,1,4,4,3,3,1,0,0,32.73459712,3.162879219,5,-1.683434545,0.356114999,-0.369676203,-0.149411663,-0.945696453
173,3,2,3,1,50.19003376,3,7,7,1,7,8,8,7,3,1,1,1,3,3,4,3,1,0,0,41.28379222,7.36171441,3,-1.019043533,-1.88683919,-0.906803153,-0.204924954,-1.063550284
174,4,5,3,5,83.62550276,5,10,10,10,10,10,10,7,3,3,4,5,5,5,5,5,1,0,0,54.39359309,10.75953379,5,0.812598122,0.733613941,1.281288233,0.867895561,0.495134634
175,4,5,2,3,53.46089955,7,9,9,9,4,9,9,6,1,3,1,3,2,2,2,1,1,0,0,51.94547161,8.321689568,5,-0.024368743,0.356114999,-2.557767588,-0.353666443,-0.826958355
176,6,6,5,4,37.63719897,8,9,9,9,9,9,9,6,1,1,1,1,4,4,4,2,1,1,0,39.94011728,5.715743443,5,0.979804349,0.403183326,-0.512107486,0.130102763,-1.450146559
177,3,4,2,1,72.5607318,10,10,10,10,0,10,10,7,2,3,3,3,5,5,4,5,1,1,0,44.02896716,13.11033427,5,-0.525955287,0.968955574,1.115493249,-0.09964285,-0.218019899
178,5,3,3,3,41.11150335,0,2,4,4,7,7,7,4,1,1,1,2,3,4,2,3,1,1,0,49.44717265,9.35775974,3,-0.209841363,-2.732889825,-0.819283875,-1.345482835,-1.294128441
179,4,2,2,2,26.62786402,5,8,9,9,7,8,8,5,1,5,4,3,4,4,3,3,1,0,0,45.24545135,11.41289823,5,-1.077793188,0.061304065,-0.369676203,-0.704443877,0.107654092
180,6,6,5,3,63.38682614,6,7,9,9,9,9,9,6,2,4,2,2,3,4,2,2,1,1,0,39.38542845,7.447792403,5,1.10779332,-0.092301889,-1.127510142,0.130102763,-0.426282192
181,6,4,5,5,63.99784038,6,8,10,10,10,10,10,2,3,1,2,2,4,5,4,4,1,1,0,39.95443575,6.219829159,5,1.073129257,0.379333706,0.523454294,-0.380901747,-0.699712007
182,5,2,1,1,60.02096043,3,7,7,6,7,7,7,4,4,4,3,2,4,4,2,3,1,0,0,40.93759844,5.258196901,3,-0.817412593,-0.960664446,-0.535471187,-1.345482835,0.168134243
183,4,4,3,2,41.48196747,2,6,6,3,7,7,7,4,1,1,3,2,2,2,2,2,1,1,0,40.56785132,6.233896114,5,-0.376306036,-1.849838266,-2.249541321,-1.345482835,-0.878488122
184,4,4,5,2,55.1863896,8,10,10,10,9,10,10,7,1,1,2,1,5,5,5,4,1,1,0,40.88067064,11.79244273,5,0.077722142,0.874818921,0.973061966,0.77114172,-1.242326399
185,3,4,3,3,35.27592666,7,6,6,9,8,9,9,3,1,2,2,3,3,3,2,2,1,0,0,45.65245993,11.12215592,5,-0.46970262,-0.503086939,-1.546619387,-0.715929464,-0.77471418
186,2,3,1,3,25.63850993,7,10,10,10,10,10,10,7,1,1,3,2,5,5,5,5,1,0,0,43.23588834,0.75,3,-1.259203254,0.827750594,1.281288233,0.867895561,-0.878488122
187,5,6,4,3,78.29102524,7,10,10,10,10,10,10,7,3,4,2,2,5,5,5,4,1,0,0,32.45878136,10.73579512,4,0.940984636,0.827750594,0.973061966,0.867895561,-0.232984054
188,1,3,1,1,18.21554945,4,9,9,9,9,7,9,6,1,3,1,2,4,3,2,3,1,1,0,46.54722946,8.234340144,5,-1.876859796,0.214910019,-0.954580432,-0.235418407,-0.982976473
189,6,5,4,3,41.70551061,6,7,9,9,7,9,8,6,3,1,1,1,2,3,2,1,1,1,0,49.02528486,4.985674658,4,0.518208807,-0.092301889,-2.138658342,-0.271923831,-1.063550284
190,3,3,4,3,41.98685006,4,7,6,8,7,7,8,5,2,3,3,1,5,4,4,4,1,1,0,42.1694978,12.18053885,4,-0.435250242,-0.628852587,0.388157736,-0.887204462,-0.530056134
191,2,2,2,3,35.16684507,6,9,9,9,9,9,9,4,1,4,5,2,4,4,4,4,1,1,0,34.62460635,5.609722673,4,-1.192139866,0.309046673,0.104345048,-0.369416161,0.003880149
192,6,6,5,3,54.19175393,6,9,10,9,8,9,9,6,1,3,1,1,4,5,4,4,1,1,0,37.95680811,6.704613441,5,1.001362091,0.394773038,0.523454294,0.033348921,-1.13899459
193,5,6,4,3,77.33114725,3,9,9,9,10,10,10,5,1,2,3,2,5,5,5,4,1,0,0,44.64757618,9.321106186,5,0.929874229,0.167841693,0.973061966,0.368376638,-0.722912138
194,4,4,3,4,14.73474376,8,10,10,10,7,10,10,7,3,5,5,5,5,4,3,3,1,1,0,46.83086061,8.593847162,5,-0.345783885,0.874818921,-0.085863515,0.577634038,1.014106761
195,3,4,4,2,36.5730492,8,9,9,9,6,9,9,6,2,2,1,1,4,4,4,4,1,1,0,32.65908287,9.390661232,5,-0.477045748,0.403183326,0.104345048,-0.160158761,-1.101272437
196,5,4,3,2,40.39720864,2,8,9,9,8,9,9,5,1,3,1,1,4,4,4,4,1,1,0,42.98496258,2.968671263,4,-0.19724097,-0.079900915,0.104345048,-0.21641054,-1.13899459
197,5,5,4,4,74.15842692,4,9,9,9,7,3,8,4,1,2,1,1,4,3,2,2,1,1,0,49.35633779,11.7245137,4,0.87228237,0.214910019,-1.262806699,-1.868006262,-1.294570575
198,5,4,3,4,85.9653814,5,10,10,10,7,9,9,6,3,2,1,2,5,5,5,5,1,0,0,38.47087657,7.685389179,5,0.670318275,0.733613941,1.281288233,-0.06340492,-0.751956182
199,2,2,1,1,44.48484559,0,0,4,9,9,9,7,6,1,1,1,1,3,2,2,2,1,1,0,36.1038865,9.706464068,3,-1.57210303,-2.208063643,-1.965728633,-0.28693506,-1.450146559
200,4,4,3,2,51.56116573,7,9,9,9,9,9,9,6,3,2,3,2,3,3,2,2,1,0,0,43.54367785,9.423978787,5,-0.259641214,0.356114999,-1.546619387,0.130102763,-0.336315863
201,4,4,4,3,51.49694993,6,8,10,2,10,10,10,7,5,3,3,5,4,4,3,3,0,1,1,55.17766771,8.932875231,5,0.05737465,-1.102545885,-0.369676203,0.867895561,0.673910749
202,5,6,5,5,71.27042432,4,9,9,8,10,10,10,7,2,3,4,1,5,5,5,5,0,1,1,33.4968219,5.062754224,5,1.347539767,0.02967507,1.281288233,0.867895561,-0.322235975
203,2,3,2,3,41.98642486,7,10,10,10,10,10,10,7,3,5,5,3,5,5,5,5,0,0,1,36.94811245,7.825438898,4,-0.922278182,0.827750594,1.281288233,0.867895561,0.702070526
204,4,7,3,5,84.18632894,4,10,10,10,10,10,10,7,4,5,5,6,5,5,5,5,0,1,1,52.14538016,8.520384895,5,1.200942246,0.686545614,1.281288233,0.867895561,1.363423017
205,5,6,4,2,49.10098885,7,10,10,10,10,8,10,7,4,2,3,4,5,5,3,4,0,0,1,48.3004139,10.58194827,3,0.433057349,0.827750594,0.641471998,0.502374392,0.16901851
206,5,2,3,3,26.85067426,9,9,10,9,9,9,9,6,3,2,2,1,4,4,3,3,0,0,1,36.86300099,3.960933764,3,-0.565834106,0.535978018,-0.369676203,0.130102763,-0.70015414
207,6,4,4,5,78.37415619,4,10,10,10,9,10,10,7,4,4,4,6,4,5,5,4,0,1,1,50.19068646,5.118808084,5,1.091831368,0.686545614,0.689249278,0.77114172,1.000026873
208,3,4,3,4,48.43659001,9,10,10,10,10,10,10,7,3,5,1,3,4,4,5,5,0,0,1,43.67526315,9.047273847,5,-0.147312307,0.921887248,0.578366299,0.867895561,-0.129210112
209,4,4,3,3,80.01166673,5,9,9,9,9,9,9,6,4,5,5,5,5,5,4,4,0,0,1,48.70026719,9.999179358,3,0.23972609,0.261978346,0.807266982,0.130102763,1.207404899
210,1,3,1,1,48.42034951,1,1,1,10,9,9,9,6,1,6,4,4,4,4,3,4,0,0,1,39.83317499,4.417089223,3,-1.527244925,-2.032265182,-0.061449936,0.130102763,0.419248193
211,5,3,2,4,82.98028344,9,8,6,8,8,8,8,5,4,5,3,4,5,4,3,3,0,0,1,49.4266201,4.309191529,5,0.297138958,-0.192836673,-0.085863515,-0.607690036,0.635746462
212,3,4,4,1,78.40798132,4,7,7,7,7,7,7,4,3,5,3,3,4,3,3,3,0,1,1,43.20162945,7.055327844,4,-0.162872402,-0.728361171,-0.788785449,-1.345482835,0.286430207
213,3,3,3,1,41.59997636,5,9,9,8,7,6,6,3,5,6,5,6,4,5,4,3,0,0,1,47.26766368,6.768949348,2,-0.927545497,0.076743397,0.215228027,-1.986521793,1.712297138
214,7,5,3,3,71.4374729,6,9,9,9,7,9,9,6,5,6,5,5,5,5,5,4,0,1,1,42.05503423,10.25141812,5,0.906270578,0.309046673,0.973061966,-0.06340492,1.556279021
215,4,4,3,3,68.55502829,4,10,10,10,10,8,8,5,5,5,5,5,5,4,3,4,0,1,1,38.54750414,11.10189975,5,0.107117658,0.686545614,0.222362752,-0.414182354,1.400703036
216,5,5,5,3,88.60165252,5,8,8,8,9,6,9,5,3,3,2,3,4,4,3,5,0,0,1,49.98840051,9.611954877,5,1.017102909,-0.209657249,0.246776331,-0.667938453,-0.232541921
217,5,4,5,5,71.94181523,4,5,8,7,7,9,8,5,1,6,2,4,4,1,2,2,0,1,1,46.47289383,9.301225277,5,0.973458325,-1.043983368,-2.101025191,-0.521683293,0.003607875
218,4,2,3,4,31.59543168,1,6,9,9,9,8,9,6,5,5,5,4,4,4,3,3,0,0,1,40.55775319,12.53735818,5,-0.532477264,-0.528317804,-0.369676203,-0.052657822,1.244684919
219,3,2,4,2,43.39114261,6,10,10,10,10,10,10,7,4,5,3,6,5,5,5,4,0,1,1,48.88948763,4.823117829,4,-0.779980267,0.780682268,0.973061966,0.867895561,0.947782698
220,3,4,1,1,66.71781934,9,10,10,10,10,10,10,7,4,6,5,5,5,5,5,5,0,0,1,41.94583126,10.27093407,5,-0.741286935,0.921887248,1.281288233,0.867895561,1.362980883
221,5,4,1,2,69.74710963,5,9,9,9,8,8,7,5,2,4,1,3,4,4,3,2,0,0,1,47.00083039,10.72147448,5,-0.152923468,0.261978346,-0.67790247,-0.816208948,-0.478084233
222,3,4,2,3,32.82306279,1,8,1,4,4,6,5,2,3,5,4,5,4,4,4,3,0,0,1,49.61558642,6.234124503,1,-0.645795094,-1.738954908,-0.203881219,-2.735061689,0.806286602
223,4,4,2,2,62.32653151,7,10,9,10,10,10,10,7,5,6,4,4,5,5,3,4,0,0,1,42.77696884,7.866033733,5,-0.28273517,0.742024229,0.641471998,0.867895561,1.192440743
224,5,6,4,2,66.19530637,2,10,10,10,7,10,10,7,3,4,3,5,5,5,4,4,0,1,1,50.74732541,11.73063558,4,0.630920855,0.592408961,0.807266982,0.577634038,0.442890458
225,2,4,1,1,25.46613377,3,7,7,7,8,7,8,7,5,5,5,6,4,4,5,4,0,0,1,46.53731837,12.53968609,5,-1.410388371,-0.775429497,0.270140032,-0.290931698,1.556721154
226,6,5,4,2,75.90137089,5,10,10,9,9,9,9,6,4,5,3,3,5,5,5,5,0,0,1,31.5327025,8.094466982,5,0.743961335,0.548378992,1.281288233,0.130102763,0.479728345
227,3,4,1,2,59.13556463,5,8,9,8,8,8,8,5,4,5,3,3,5,5,3,4,0,0,1,41.58590347,11.5378009,5,-0.658991992,-0.123930884,0.641471998,-0.607690036,0.479728345
228,1,1,2,2,19.85324499,5,8,10,8,8,10,10,7,2,2,4,3,5,5,5,5,0,0,1,43.17068903,13.76740738,5,-1.921997294,-0.038204519,1.281288233,0.674387879,-0.165775723
229,4,3,3,4,48.33367422,6,10,10,10,9,10,10,7,5,5,5,5,5,4,5,5,0,1,1,45.62326127,12.0639214,5,-0.147808926,0.780682268,0.862178987,0.77114172,1.400703036
230,3,2,3,2,57.57791134,2,8,8,8,10,10,10,4,4,5,4,6,4,3,3,3,0,1,1,52.2606714,11.46776272,5,-0.763472128,-0.350862229,-0.788785449,0.118617176,1.155602857
231,7,7,6,5,87.75386045,5,8,7,6,8,9,8,4,4,4,2,2,4,4,3,3,0,0,1,34.89826161,10.56178048,4,2.260201695,-0.665853512,-0.369676203,-0.674688913,-0.039685917
232,6,4,4,2,45.60772757,4,6,8,8,8,10,10,7,2,5,1,1,5,4,3,4,0,1,1,30.59847257,1,3,0.202391786,-0.658074138,0.222362752,0.674387879,-0.634544485
233,4,5,3,3,60.16425424,4,7,6,7,8,9,7,6,4,6,3,4,4,4,3,3,0,1,1,40.22536098,13.17088301,3,0.200922362,-0.814087536,-0.369676203,-0.383688901,0.791322447
234,3,4,2,1,20.68830835,6,8,10,6,10,10,9,7,5,6,4,6,4,5,4,3,0,1,1,46.52811557,7.059137739,5,-1.126368819,-0.36160609,0.215228027,0.65937665,1.504476979
235,4,4,1,3,20.60365954,2,10,10,10,9,10,9,7,4,6,5,3,5,5,4,4,0,1,1,32.30347787,9.833315906,2,-0.743312477,0.592408961,0.807266982,0.562622809,1.050944648
236,2,2,4,1,46.87197761,8,9,8,8,7,9,9,6,3,5,2,5,4,4,3,3,0,1,1,43.69312464,12.62212897,4,-1.101369316,0.132222012,-0.369676203,-0.06340492,0.390646283
237,4,4,4,1,29.4546417,4,10,10,9,10,10,10,7,4,5,4,6,5,5,3,4,0,1,1,49.95289523,6.203718543,3,-0.537877144,0.501310666,0.641471998,0.867895561,1.155602857
238,1,2,1,1,30.12978154,7,9,9,8,8,8,8,5,5,6,5,4,3,5,3,3,0,0,1,32.46078232,8.459220718,5,-1.929881137,0.170880051,-0.234379645,-0.607690036,1.400260903
239,6,4,3,3,70.97119169,10,10,10,10,7,8,8,5,5,5,5,5,5,5,4,4,0,1,1,46.80980984,12.88055367,5,0.518326184,0.968955574,0.807266982,-0.704443877,1.400703036
240,7,7,6,5,100,7,10,10,10,10,10,10,7,1,4,2,4,4,5,3,4,0,0,1,49.54147149,7.783755005,4,2.401948454,0.827750594,0.35765931,0.867895561,-0.307544094
241,4,4,3,2,61.84013671,6,10,8,8,9,10,10,4,1,5,3,3,1,1,1,1,0,1,1,39.95991108,5.69047175,4,-0.140664061,0.23875964,-3.426484506,0.021863335,-0.100166068
242,5,4,4,3,57.5352989,9,10,10,10,10,10,9,7,5,4,3,4,4,5,4,2,0,0,1,35.74830395,11.3982873,5,0.318888347,0.921887248,-0.09299824,0.65937665,0.673468616
243,4,6,4,3,75.752962,4,7,7,8,10,10,10,6,2,5,2,4,5,5,3,4,0,1,1,46.76084782,6.439313191,5,0.719986088,-0.543126222,0.641471998,0.6181361,0.041330028
244,7,7,5,5,83.76523712,7,10,10,10,10,10,10,7,2,3,2,3,5,5,5,4,0,0,1,47.27832262,13.18559467,5,2.066333094,0.827750594,0.973061966,0.867895561,-0.425840058
245,4,6,2,3,68.2817626,6,8,8,7,8,10,10,5,4,3,2,5,5,5,4,4,0,1,1,46.45964355,6.117699565,3,0.338106289,-0.347823871,0.807266982,0.174868956,0.272792452
246,3,3,2,1,57.5063267,5,10,10,10,10,10,10,7,5,6,5,6,4,5,5,5,0,0,1,38.99488697,6.255353756,5,-0.891133524,0.733613941,0.997475545,0.867895561,1.712297138
247,4,3,2,2,70.76975278,7,10,10,10,10,10,8,7,2,5,3,2,5,5,5,4,0,0,1,36.09911421,11.68040476,5,-0.375932807,0.827750594,0.973061966,0.450857739,-0.062886048
248,4,4,1,3,24.39056859,7,10,10,10,10,10,9,7,3,5,5,5,4,4,3,3,0,0,1,54.15949926,10.77298427,5,-0.699479718,0.827750594,-0.369676203,0.65937665,1.014106761
249,4,7,4,5,84.08394941,6,10,10,10,10,10,10,7,3,3,2,3,5,5,5,4,0,1,1,42.06079896,12.69126538,5,1.347458259,0.780682268,0.973061966,0.867895561,-0.232541921
250,7,7,6,4,100,7,10,10,10,10,10,10,6,5,6,5,5,5,4,3,4,0,0,1,43.22571565,7.29399451,5,2.23189034,0.827750594,0.222362752,0.6181361,1.556279021
251,4,4,4,3,40.02394075,8,10,9,9,9,9,10,6,5,6,5,6,4,5,4,4,0,1,1,40.43335419,5.246836458,5,-0.07542327,0.603857607,0.523454294,0.338621674,1.712297138
252,2,3,2,2,51.41478738,1,5,6,4,9,8,9,6,4,6,3,6,4,4,3,3,0,0,1,46.45629886,1,3,-0.983204775,-1.912345924,-0.369676203,-0.052657822,1.103358682
253,2,6,1,1,65.68835728,5,10,10,10,10,10,10,7,3,5,4,6,4,4,4,4,0,0,1,53.76150814,11.16533687,5,-0.562971043,0.733613941,0.104345048,0.867895561,0.96230472
254,5,4,5,4,67.87246022,7,10,10,10,10,10,10,7,5,6,5,5,5,5,3,4,0,0,1,36.97726988,6.196353539,5,0.756298193,0.827750594,0.641471998,0.867895561,1.556279021
255,1,1,1,1,9.678905297,4,9,8,8,7,10,10,5,5,5,3,4,4,4,3,3,0,1,1,36.51250973,8.388642157,3,-2.357522511,-0.056051295,-0.369676203,0.078115115,0.8290446
256,4,6,4,4,82.74916437,4,9,6,7,9,8,9,6,5,5,3,2,5,5,4,3,0,1,1,36.8293899,10.76406658,5,0.971023926,-0.412738974,0.499040715,-0.052657822,0.517008364
257,5,4,4,3,32.56940675,2,4,8,8,10,7,6,4,5,5,5,6,3,3,4,2,0,1,1,50.17617902,10.00187812,5,0.029912848,-1.153559353,-1.21502942,-1.263740223,1.556721154
258,6,7,4,4,79.18012873,0,0,0,0,10,5,10,7,2,3,2,2,4,4,4,2,0,1,1,39.30103432,14.05317579,5,1.503881233,-4.218083643,-0.512107486,-0.045907362,-0.581858176
259,5,6,3,5,79.03489505,3,10,10,9,10,10,10,7,4,5,5,4,5,5,5,4,0,0,1,42.03379868,5,5,1.142009981,0.454242339,0.973061966,0.867895561,1.051386781
2260,4,2,3,2,9.511773678,4,10,10,10,9,10,10,7,2,3,2,4,5,5,5,5,0,1,1,41.51857862,14.85589786,5,-1.128207673,0.686545614,1.281288233,0.77114172,-0.26982194
261,5,4,4,3,71.09392975,2,8,8,7,8,10,10,5,5,5,3,6,3,4,3,3,0,1,1,56.05615408,9.715673627,5,0.475826945,-0.536097178,-0.653488891,0.174868956,1.141080835
262,7,4,3,3,75.21729513,8,10,10,10,10,10,10,7,4,4,4,5,4,5,3,3,0,1,1,53.53036898,15.03071871,5,0.759094976,0.874818921,0.049433043,0.867895561,0.844008755
263,3,3,1,1,38.88976771,2,7,8,7,7,9,7,4,2,4,1,3,4,4,3,3,0,1,1,35.32991912,5.850656923,5,-1.254317725,-0.736771459,-0.369676203,-0.979961666,-0.478084233
264,6,5,5,5,79.47593131,3,9,6,8,9,8,9,4,3,3,4,4,4,5,3,4,0,0,1,45.91903499,8.193527453,2,1.443211577,-0.274572352,0.35765931,-0.552176745,0.339116516
265,3,3,4,2,48.44535151,9,10,10,10,10,10,10,7,5,6,5,6,4,5,5,5,0,0,1,42.01697809,6.185418808,4,-0.530552418,0.921887248,0.997475545,0.867895561,1.712297138
266,4,6,2,4,43.91189842,7,10,10,9,10,10,5,7,2,5,1,4,5,5,4,4,0,0,1,46.89133402,8.261642028,4,0.226087815,0.642515646,0.807266982,-0.174698995,-0.166490131
267,4,1,4,1,33.22518852,3,8,8,8,8,8,8,5,2,4,3,3,4,4,3,3,0,0,1,34.34879353,6.169017992,5,-1.067012773,-0.303793902,-0.369676203,-0.607690036,-0.062443914
268,4,3,2,2,43.25241673,0,4,2,4,8,8,9,5,3,6,5,4,4,4,3,4,0,1,1,39.55952544,8.375453339,2,-0.694440789,-2.502993993,-0.061449936,-0.399171125,1.013664628
269,5,4,2,2,36.53811271,6,9,7,9,8,8,9,5,5,4,4,5,5,5,4,4,0,1,1,48.24481443,5,4,-0.389610315,0.137593942,0.807266982,-0.399171125,1.037306893
270,7,7,4,4,57.27107549,9,10,10,10,9,10,10,7,3,4,5,6,5,5,3,4,0,0,1,55.84415497,10.89365614,5,1.441909013,0.921887248,0.641471998,0.77114172,1.014548895
271,6,5,5,5,98.75365662,2,10,7,10,10,10,10,7,4,5,4,4,5,5,4,5,0,1,1,44.38656428,9.441425141,5,1.666347617,0.335229865,1.115493249,0.867895561,0.843566622
272,3,4,2,1,39.68730535,2,4,9,6,6,8,8,5,2,4,2,4,4,4,4,2,0,1,1,50.91322861,9.622345999,5,-0.906459007,-1.438302885,-0.512107486,-0.801197719,-0.114245956
273,6,4,5,5,90.63797779,5,7,7,7,10,10,10,7,2,5,3,5,4,4,4,4,0,0,1,59.22554889,7.792987985,5,1.38148383,-0.681292844,0.104345048,0.867895561,0.405168305
274,5,5,4,4,85.42236775,3,8,7,7,8,8,8,5,2,5,1,2,4,4,3,3,0,0,1,40.32212853,8.562251447,4,1.002660364,-0.574755216,-0.369676203,-0.607690036,-0.478526367
275,6,4,3,3,75.4366155,4,8,10,8,7,7,8,5,1,4,4,5,4,4,3,3,0,1,1,50.18575651,6.101891957,2,0.570012623,-0.085272845,-0.369676203,-0.887204462,0.264114343
276,3,4,2,2,40.23321543,7,10,10,10,10,10,10,7,3,3,5,5,5,5,3,4,0,0,1,53.24141993,6.718012425,5,-0.730082087,0.827750594,0.641471998,0.867895561,0.702954793
277,6,4,2,4,48.14192832,6,10,10,10,9,10,10,7,3,5,5,4,5,5,3,5,0,1,1,48.12498972,11.0348269,4,0.276438837,0.780682268,0.949698265,0.77114172,0.858088644
278,4,5,3,3,39.81262291,9,9,9,9,7,9,9,6,2,6,4,2,3,5,2,2,0,0,1,34.65996933,10.92274591,5,-0.034643938,0.450251653,-0.708400896,-0.06340492,0.300510095
279,5,5,4,4,57.76776492,10,10,10,10,10,8,10,7,1,3,1,3,4,4,3,4,0,1,1,51.24628742,11.49762294,5,0.682563544,0.968955574,-0.061449936,0.502374392,-0.826958355
280,4,4,3,3,47.07553189,10,10,10,10,10,10,0,7,1,3,3,3,5,5,5,4,0,0,1,50.93973145,10.37801223,5,-0.141503467,0.968955574,0.973061966,-1.217293552,-0.411318036
281,4,3,3,2,49.64625067,5,10,10,10,10,10,10,7,4,6,3,4,4,5,4,4,0,0,1,38.06108989,5,5,-0.472732328,0.733613941,0.523454294,0.867895561,0.791322447
282,6,4,4,5,73.93869382,3,8,10,9,8,9,9,5,5,4,3,4,4,4,3,3,0,0,1,45.60318502,9.937756641,5,1.040491726,0.052893777,-0.369676203,-0.21641054,0.673468616
283,2,4,4,2,62.92326613,4,10,10,9,8,9,9,6,5,6,5,6,4,4,3,3,0,1,1,45.53122711,9.702881703,5,-0.363667895,0.501310666,-0.369676203,0.033348921,1.712297138
284,4,4,4,2,83.94460399,5,8,8,8,10,10,10,6,3,6,3,5,4,4,4,4,0,0,1,48.61534761,16.76891456,1,0.262892021,-0.209657249,0.104345048,0.6181361,0.754042427
285,5,5,3,4,64.96310187,7,10,10,10,10,10,10,7,5,6,4,4,5,5,4,4,0,0,1,39.81395304,10.77283298,5,0.618147178,0.827750594,0.807266982,0.867895561,1.192440743
286,4,2,2,1,38.28706237,7,10,10,10,8,8,10,7,4,5,3,5,5,5,5,4,0,0,1,39.23071273,6.320767361,5,-1.112898277,0.827750594,0.973061966,0.30886671,0.79176458
287,4,4,3,1,80.15588886,6,9,9,9,9,9,9,6,2,4,2,2,4,4,3,4,0,1,1,33.01017912,8.593153151,5,-0.098720794,0.309046673,-0.061449936,0.130102763,-0.426282192
288,2,5,4,1,30.95092564,5,10,9,9,10,10,10,6,2,4,4,5,5,5,5,4,0,0,1,48.2676409,7.028275553,5,-0.712873495,0.462652627,0.973061966,0.6181361,0.45741248
289,5,5,2,3,62.2582142,1,10,9,9,10,10,10,7,3,6,4,3,4,5,3,4,0,0,1,34.03420876,8.501334759,3,0.269079462,0.27437932,0.35765931,0.867895561,0.649826351
290,6,7,5,5,80.73201928,5,9,9,9,10,10,10,6,2,4,5,3,5,3,4,4,0,0,1,36.44901843,11.94594484,5,1.839603225,0.261978346,-0.03095151,0.6181361,0.353196404
291,4,5,4,3,54.97860331,4,10,9,10,10,10,10,7,4,4,3,3,4,4,5,4,0,1,1,43.40296909,8.754307426,4,0.288600466,0.600819249,0.270140032,0.867895561,0.32415236
292,4,5,4,2,50.95949947,3,9,9,9,9,9,9,6,5,6,5,6,5,5,5,5,0,0,1,47.12087995,12.72690871,4,0.072021982,0.167841693,1.281288233,0.130102763,1.712297138
293,6,6,6,5,88.5607226,2,5,7,7,7,8,8,5,5,6,4,5,3,3,3,3,0,1,1,34.94467492,4,3,1.886993695,-1.223846386,-1.072598137,-0.704443877,1.348458861
294,4,4,4,1,35.22034887,1,0,2,2,7,8,8,5,2,4,1,2,4,3,4,2,0,0,1,39.37831568,4,4,-0.471140169,-3.629092688,-0.931216732,-0.704443877,-0.634102351
295,4,4,3,1,40.64882878,5,7,7,8,9,9,7,4,4,3,4,3,4,4,4,4,0,0,1,36.26816508,10.52766791,3,-0.556007573,-0.496057895,0.104345048,-0.786453983,0.376396536
296,4,4,3,3,23.12041405,0,8,8,7,8,8,8,4,4,4,5,4,3,4,3,3,0,1,1,42.97533376,6.11858374,5,-0.418779444,-0.630233831,-0.653488891,-0.857449498,0.895810797
297,4,4,4,2,63.47553281,4,10,10,10,10,10,10,3,5,6,5,6,5,5,4,4,0,1,1,59.81198597,7.830487109,5,0.025966377,0.686545614,0.807266982,-0.131142285,1.712297138
298,3,2,3,2,32.29752491,1,0,0,0,10,4,10,7,2,5,2,3,4,4,4,3,0,0,1,43.36168335,9,4,-1.056087839,-4.171015316,-0.203881219,-0.228667947,-0.11468809
299,5,4,4,2,46.58498797,1,0,10,3,10,10,10,7,2,4,1,1,4,3,2,3,0,0,1,37.56764126,2,3,0.022082447,-2.758046817,-0.954580432,0.867895561,-0.790120469
300,4,4,5,4,53.61993126,3,9,4,7,10,10,8,5,3,5,5,3,5,5,4,5,0,0,1,28.43577658,9.905915828,5,0.39970691,-0.631260031,1.115493249,-0.048661185,0.702070526
301,4,4,4,3,51.39708157,7,10,10,10,10,10,9,7,4,6,4,5,5,5,5,5,0,0,0,47.53490908,9.563815029,5,0.056218693,0.827750594,1.281288233,0.65937665,1.155160724
302,4,4,5,3,66.37219111,6,10,10,10,10,10,9,7,4,5,4,4,5,3,3,2,0,1,0,38.49435987,8.795795564,5,0.377253802,0.780682268,-0.813199028,0.65937665,0.843566622
303,4,5,4,2,29.68660105,7,8,8,8,8,9,9,5,4,6,4,6,5,5,4,4,0,0,0,57.28351695,11.90846118,4,-0.174207811,-0.115520596,0.807266982,-0.21641054,1.311178841
304,3,5,1,1,50.61848926,5,6,7,7,6,10,7,4,2,3,1,3,4,4,3,3,0,0,0,43.21744505,6.32375392,4,-0.736707316,-0.881967125,-0.369676203,-0.893954922,-0.633660217
305,5,7,4,5,67.54069457,9,10,10,10,10,10,10,7,3,2,2,5,5,5,4,5,0,0,0,52.45279133,11.79004828,5,1.347594144,0.921887248,1.115493249,0.867895561,-0.076081669
306,5,7,3,5,69.63663888,0,0,7,0,8,8,8,5,2,4,2,2,4,4,4,3,0,1,0,35.7604821,11.94064082,5,1.224153268,-3.617999086,-0.203881219,-0.607690036,-0.426282192
307,4,5,5,4,42.52887109,7,10,10,10,10,10,10,7,5,6,5,4,5,5,5,5,0,0,0,29.27953946,8.299534278,5,0.462256311,0.827750594,1.281288233,0.867895561,1.400260903
308,4,5,5,1,48.61248086,2,8,9,9,8,9,9,6,3,4,5,4,5,5,4,4,0,1,0,48.89375968,7.046221424,5,0.022498606,-0.079900915,0.807266982,0.033348921,0.702512659
309,3,1,1,1,29.06341529,6,10,3,3,8,8,8,5,3,4,4,2,5,4,3,4,0,1,0,34.96712194,7.654012872,3,-1.749908569,-1.116046931,0.222362752,-0.607690036,0.182656265
310,4,4,3,3,67.26096033,9,10,10,10,10,10,10,7,4,3,4,4,5,4,3,4,0,0,0,39.23287827,4.47619694,5,0.092139065,0.921887248,0.222362752,0.867895561,0.532414653
311,3,3,5,4,26.14126877,2,6,6,7,8,8,6,4,2,2,1,4,4,4,4,4,0,1,0,51.99071794,11.83901384,5,-0.30090071,-1.10889847,0.104345048,-1.274487321,-0.633218084
312,3,3,3,1,63.99175819,3,8,8,8,9,7,10,7,5,6,4,4,4,4,3,2,0,0,0,35.81624337,6.454686716,5,-0.668364839,-0.303793902,-0.67790247,0.222859966,1.192440743
313,4,5,2,2,38.7661586,6,9,8,8,10,10,10,7,5,5,3,6,4,4,4,3,0,1,0,51.13975676,3,5,-0.364515716,0.038085359,-0.203881219,0.867895561,1.141080835
314,5,7,5,5,100,6,10,10,10,10,10,10,7,4,4,4,4,5,5,5,3,0,1,0,50.29519153,8.984592719,4,1.871005528,0.780682268,0.664835699,0.867895561,0.687990638
315,4,4,4,3,49.44820826,7,10,10,10,10,8,8,7,3,6,4,4,4,5,3,4,0,0,0,44.91910726,6.037907094,5,0.033660851,0.827750594,0.35765931,0.085336569,0.805844468
316,4,3,1,1,30.49520858,5,10,10,10,5,8,10,5,4,4,5,6,3,3,3,3,0,0,0,55.73564757,9.820649388,3,-1.159862221,0.733613941,-1.072598137,-0.480913737,1.207847032
317,3,2,3,1,32.72822405,2,8,8,8,8,8,8,5,1,6,3,3,5,5,3,3,0,1,0,36.23930249,12.63532083,3,-1.221160692,-0.350862229,0.333245731,-0.607690036,0.055409916
318,7,4,4,4,68.06406848,0,9,8,9,8,9,9,6,4,5,3,6,4,4,5,4,0,1,0,55.2511045,8.339931091,2,0.994056875,-0.059089653,0.270140032,0.033348921,0.947782698
319,5,4,3,1,41.49824135,4,10,5,10,10,10,10,7,3,5,4,5,4,4,3,4,0,1,0,52.19998409,11.02015237,4,-0.354554838,0.257913788,-0.061449936,0.867895561,0.806286602
320,5,4,4,2,84.3129889,7,10,10,10,10,10,8,7,5,6,5,5,5,5,3,4,0,0,0,42.2480261,9.507746873,5,0.458776951,0.827750594,0.641471998,0.450857739,1.556279021
321,5,7,4,2,100,4,10,10,10,10,10,9,7,4,5,5,6,5,5,4,4,0,1,0,54.46320685,11.01493278,5,1.213130149,0.686545614,0.807266982,0.65937665,1.363423017
322,4,4,5,3,65.94218298,3,10,9,9,10,10,10,6,5,4,4,4,5,5,5,3,0,0,0,36.76978481,13.73990968,4,0.372276539,0.368515974,0.664835699,0.6181361,0.881288775
323,3,4,3,2,64.67704327,6,10,10,10,10,10,10,7,4,5,4,3,5,5,3,4,0,1,0,35.58717928,3.559108122,5,-0.299448347,0.780682268,0.641471998,0.867895561,0.687548504
324,5,4,2,3,51.88220928,3,10,9,9,9,9,9,3,5,6,4,5,5,5,3,4,0,0,0,46.05273947,8.256549729,2,-0.041947174,0.368515974,0.641471998,-0.619175622,1.348458861
325,2,2,1,3,21.28023226,5,8,8,7,7,7,7,5,5,5,5,3,3,3,2,2,0,0,0,26.4967371,8.599432104,5,-1.50057583,-0.394892198,-1.546619387,-1.095723373,1.088666801
326,4,3,3,1,52.33145477,0,8,8,8,8,10,10,7,5,5,5,3,5,4,3,4,0,1,0,25.05371233,7.730745396,5,-0.611709711,-0.444998882,0.222362752,0.674387879,1.088666801
327,5,4,3,3,77.67468897,8,10,10,10,10,10,10,5,5,6,5,5,5,5,5,5,0,1,0,38.57659509,12.75645058,4,0.404296957,0.874818921,1.281288233,0.368376638,1.556279021
328,5,5,4,4,68.92821214,3,10,10,10,10,10,10,7,5,6,3,6,5,5,3,5,0,0,0,58.67426529,10.47465757,3,0.811743619,0.639477288,0.949698265,0.867895561,1.29665682
329,4,3,4,3,64.3257212,5,9,10,10,9,9,9,6,4,4,3,4,5,4,3,4,0,0,0,44.41848305,7.131374307,5,0.014938929,0.53293966,0.222362752,0.130102763,0.480170478
330,6,6,4,2,88.31653847,2,10,10,10,10,10,10,7,5,6,3,6,5,5,5,4,0,1,0,42.93646515,10.44430666,5,1.078590894,0.592408961,0.973061966,0.867895561,1.29665682
331,4,5,2,4,74.07416142,5,8,6,10,10,10,10,7,5,4,3,5,4,4,4,4,0,0,0,48.89177588,11.83006377,5,0.384283995,-0.010640082,0.104345048,0.867895561,0.829486733
332,2,4,1,2,38.78925712,2,8,10,8,10,10,10,7,4,6,5,6,4,4,4,3,0,1,0,48.04139927,6.052647492,5,-1.086117613,-0.179409499,-0.203881219,0.867895561,1.518999001
333,1,3,2,2,44.79980119,3,9,5,5,9,10,10,7,4,5,3,4,4,4,3,3,0,0,0,40.76381648,4.709141668,4,-1.251392939,-0.916003564,-0.369676203,0.77114172,0.635746462
334,1,3,2,2,27.8647343,5,8,8,8,7,9,9,6,3,3,3,4,5,5,4,4,0,0,0,45.00317148,11.26258494,5,-1.447413149,-0.209657249,0.807266982,-0.06340492,0.131296357
335,4,5,2,1,65.49361044,7,9,9,9,8,9,9,5,3,6,2,3,5,5,3,4,0,0,0,34.62920707,2.190839544,3,-0.225208609,0.356114999,0.641471998,-0.21641054,0.234186032
336,2,3,1,1,41.81124389,6,10,7,10,10,10,10,7,1,4,2,2,5,5,5,4,0,1,0,31.11005467,6.938583221,5,-1.412123133,0.523503172,0.973061966,0.867895561,-0.619580329
337,2,4,2,2,62.30043848,0,8,6,6,10,10,10,7,4,5,3,4,4,5,4,4,0,1,0,46.38865978,15.87279832,5,-0.666279081,-0.986921511,0.523454294,0.867895561,0.635746462
338,5,5,2,1,26.74593177,4,4,10,10,10,10,10,7,5,6,4,5,2,2,2,1,0,1,0,39.74785281,10.63432607,5,-0.482084746,-0.517500072,-2.557767588,0.867895561,1.348458861
339,5,7,5,4,75.09700091,2,9,9,9,9,9,9,6,3,6,3,3,4,4,3,3,0,1,0,39.52998702,6.017030431,5,1.41269989,0.120773366,-0.369676203,0.130102763,0.442006191
340,3,2,2,3,46.48918505,7,7,9,9,8,9,9,6,4,6,5,6,5,5,3,4,0,0,0,53.01558991,8.416353538,4,-0.869464969,-0.045233563,0.641471998,0.033348921,1.518999001
341,2,3,2,3,46.52130899,5,10,10,5,10,10,10,7,5,6,5,5,4,4,5,3,0,0,0,37.88563131,8.779067213,5,-0.869787752,-0.192560803,-0.038086235,0.867895561,1.556279021
342,7,5,5,5,91.1919651,4,10,10,9,9,10,10,6,5,5,5,5,5,5,5,5,0,1,0,46.2765728,8.584935586,5,1.770443406,0.501310666,1.281288233,0.521382259,1.400703036
343,5,4,6,4,83.73591713,4,10,10,10,10,10,10,7,4,5,4,6,5,5,5,5,0,1,0,51.31537749,12.73887372,5,1.087615756,0.686545614,1.281288233,0.867895561,1.155602857
344,3,5,2,2,76.56619195,7,9,9,9,9,9,9,6,3,4,4,4,4,4,3,4,0,0,0, , , ,-0.118608394,0.356114999,-0.061449936,0.130102763, 
345,5,5,4,3,55.20336679,4,8,8,8,9,9,9,6,5,6,5,5,4,4,3,3,0,1,0,41.77769243,11.05265811,5,0.482823005,-0.256725576,-0.369676203,0.130102763,1.556279021
346,6,5,6,1,76.02423922,8,10,9,9,9,9,9,7,1,2,1,2,5,5,4,4,0,1,0,43.52433817,5.560881804,5,0.870727472,0.603857607,0.807266982,0.379862224,-1.138552457
347,6,4,3,2,70.07224369,9,10,10,10,10,10,10,2,4,6,3,1,3,4,3,3,0,0,0,23.87243501,1.344088536,4,0.337862916,0.921887248,-0.653488891,-0.380901747,0.323268093
348,4,3,3,2,42.6454321,6,6,5,5,6,8,8,5,4,4,5,4,4,4,3,2,0,1,0,41.93623813,9.359730781,4,-0.553765485,-1.376821427,-0.67790247,-0.801197719,0.895810797
349,5,4,3,2,49.05893744,4,7,10,10,10,10,10,7,3,5,1,1,5,4,3,4,0,1,0,26.00085045,0.1,5,-0.096983091,0.084522771,0.222362752,0.867895561,-0.441246347
350,2,4,2,1,14.50002397,3,8,8,8,9,9,9,6,3,6,2,2,4,3,3,3,0,0,0,34.75071702,13.33218194,5,-1.38961799,-0.303793902,-0.788785449,0.130102763,0.078167914
351,4,3,3,3,46.27259894,7,9,9,9,9,8,9,6,5,6,5,5,5,5,3,4,0,0,0,37.29430252,3.020958233,3,-0.341723598,0.356114999,0.641471998,-0.052657822,1.556279021
352,5,4,5,4,81.21245996,7,10,10,10,9,10,10,7,4,5,3,4,5,5,5,4,0,0,0,46.05716213,10.27084074,5,0.910706177,0.827750594,0.973061966,0.77114172,0.635746462
353,5,6,3,5,90.47661824,2,9,10,9,8,9,9,6,4,5,3,3,5,5,4,4,0,1,0,40.56193013,9.39218871,2,1.274445771,0.206499731,0.807266982,0.033348921,0.479728345
354,4,4,3,2,50.41974158,7,10,10,10,10,10,10,7,3,4,3,5,5,4,3,3,0,0,0,47.8955531,10.76811271,5,-0.272852984,0.827750594,-0.085863515,0.867895561,0.442890458
355,5,4,4,2,71.21040989,4,8,8,8,9,9,9,6,3,5,4,4,4,4,3,3,0,1,0,36.40719531,3.89978698,5,0.307117067,-0.256725576,-0.369676203,0.130102763,0.650268484
356,7,5,3,5,64.95561889,10,10,10,10,10,10,7,7,4,5,5,5,5,5,5,5,0,0,0,45.16880462,8.668806649,5,1.171360567,0.968955574,1.281288233,0.242338827,1.207404899
357,2,3,2,2,44.04910445,2,5,5,6,4,5,5,2,4,5,5,4,4,4,4,3,0,1,0,42.00670003,7.50068306,3,-1.068461168,-1.580534065,-0.203881219,-2.917822274,1.051386781
358,5,4,4,1,28.39638149,4,7,5,7,8,7,7,4,5,5,3,5,4,4,3,3,0,1,0,44.0919397,15.10851203,3,-0.358505362,-0.899813901,-0.369676203,-1.248728994,0.985062718
359,5,5,2,3,53.56301656,7,9,7,9,10,9,9,6,2,5,1,3,4,4,4,3,0,0,0,44.57628433,8.93920884,5,0.168434187,0.184662269,-0.203881219,0.226856604,-0.322508249
360,3,2,1,1,55.54786836,7,10,10,10,10,10,10,7,5,6,5,5,4,3,2,2,0,0,0,40.86401764,12.48255686,5,-1.25242968,0.827750594,-1.262806699,0.867895561,1.556279021
361,3,5,2,3,29.89594145,3,10,10,10,10,10,10,7,5,6,5,6,5,5,4,4,0,0,0,39.06115536,6.871096609,5,-0.488749639,0.639477288,0.807266982,0.867895561,1.712297138
362,5,5,4,4,60.22962382,3,9,9,8,10,10,10,7,5,5,4,6,4,5,3,3,0,0,0,53.76982541,10.52350772,5,0.711059098,-0.017393256,0.049433043,0.867895561,1.348900995
363,4,4,2,3,73.74713791,3,10,9,10,10,10,10,7,4,5,4,6,5,5,5,5,0,0,0,54.40538933,10.81104829,4,0.019514312,0.553750922,1.281288233,0.867895561,1.155602857
364,5,6,4,4,66.36121387,4,10,10,10,10,10,9,7,2,3,3,3,5,4,3,3,0,1,0,41.73644237,7.225946168,3,0.972957431,0.686545614,-0.085863515,0.65937665,-0.218019899
365,4,4,3,2,57.20628156,8,10,10,10,9,7,9,6,2,5,5,4,5,5,3,3,0,1,0,40.16455955,10.1823178,5,-0.194300062,0.874818921,0.333245731,-0.235418407,0.664790506
366,4,4,2,3,58.2736573,7,8,8,8,5,5,5,2,2,4,3,4,4,4,3,3,0,0,0,53.09754024,11.95466899,4,-0.159588311,-0.115520596,-0.369676203,-2.821068433,0.093574203
367,6,7,6,5,69.41399493,2,9,7,7,10,10,10,7,3,3,3,4,5,4,4,4,0,1,0,47.58283155,15.14807636,5,1.856300261,-0.421149262,0.388157736,0.867895561,0.131296357
368,6,5,2,3,61.3626259,4,8,8,8,8,8,8,5,2,5,2,2,4,5,3,4,0,1,0,39.89193786,12.16944439,5,0.450334141,-0.256725576,0.35765931,-0.607690036,-0.270706207
369,5,5,4,4,49.96450755,3,9,9,9,9,9,9,6,4,4,4,4,4,4,3,4,0,0,0,46.89649986,11.57065036,5,0.59224231,0.167841693,-0.061449936,0.130102763,0.687990638
370,1,1,2,1,0,5,8,8,8,8,8,8,5,5,5,5,5,4,4,4,3,0,0,0,42.21989054,4.615900436,5,-2.32185298,-0.209657249,-0.203881219,-0.607690036,1.400703036
371,5,4,3,2,71.17788244,6,10,10,10,10,10,10,6,1,3,3,4,5,5,5,5,0,1,0,47.30754467,6.013857647,5,0.159039531,0.780682268,1.281288233,0.6181361,-0.255299918
372,2,2,3,3,37.40455975,9,8,10,10,10,10,10,7,5,6,4,4,4,3,3,3,0,0,0,34.12044646,13.32590785,3,-1.018537704,0.520538686,-0.788785449,0.867895561,1.192440743
373,5,5,4,3,70.95959835,6,10,10,10,9,9,9,7,4,5,5,5,4,4,3,4,0,1,0,47.23781148,11.83977339,5,0.665198418,0.780682268,-0.061449936,0.379862224,1.207404899
374,5,4,2,3,54.89184222,7,9,9,9,8,7,7,4,5,6,3,5,5,5,3,4,0,0,0,50.98932133,14.86653821,5,-0.007111239,0.356114999,0.641471998,-1.248728994,1.140638702
375,4,6,5,5,80.79421967,3,8,10,8,10,10,10,7,4,6,5,5,4,5,4,5,0,0,0,46.25844141,14.01110213,5,1.26615496,-0.132341172,0.831680561,0.867895561,1.362980883
376,1,1,2,1,20.89164593,7,9,9,9,8,8,8,5,3,6,5,4,4,4,3,3,0,0,0,36.99174171,9.181447568,4,-2.080036113,0.356114999,-0.369676203,-0.607690036,1.013664628
377,6,5,2,2,34.82601185,4,10,10,10,10,10,10,7,3,5,3,4,5,5,4,5,0,1,0,43.6590859,11.36661985,4,-0.026880283,0.686545614,1.115493249,0.867895561,0.442448325
378,5,4,1,1,34.15700333,3,7,7,4,4,5,5,2,5,6,5,4,5,3,3,3,0,0,0,35.64939065,9.49908843,2,-0.734930359,-1.331134344,-0.504972761,-2.917822274,1.400260903
379,3,3,2,1,53.34152224,5,9,9,9,8,9,9,6,5,6,4,5,5,5,4,4,0,0,0,48.62172605,7.338768969,2,-0.939340351,0.261978346,0.807266982,0.033348921,1.348458861
380,3,2,4,1,15.99592932,5,10,8,10,10,10,10,7,4,5,4,6,5,4,4,4,0,0,0,54.6477431,10.85137663,5,-1.267132815,0.562161211,0.388157736,0.867895561,1.155602857
381,3,6,5,1,86.0487102,7,9,9,9,9,8,9,6,5,6,5,6,4,4,5,4,0,0,0,41.09806763,7.040748692,5,0.455121298,0.356114999,0.270140032,-0.052657822,1.712297138
382,4,4,2,1,57.0810331,6,10,10,10,10,10,10,7,4,3,4,4,5,5,3,3,0,1,0,47.03410114,4.776556028,4,-0.51350894,0.780682268,0.333245731,0.867895561,0.532414653
383,5,5,5,2,66.35424621,6,10,10,10,10,10,10,7,4,5,5,3,4,4,4,4,0,1,0,37.28009121,8.853692554,5,0.589535257,0.780682268,0.104345048,0.867895561,0.895368663
384,5,5,2,3,62.42278031,4,7,10,2,10,10,10,7,3,5,2,3,5,5,3,4,0,1,0,42.29487365,13.93852271,5,0.270984284,-1.397356819,0.641471998,0.867895561,0.078610048
385,3,3,3,1,19.90636788,8,10,10,10,10,10,10,7,3,5,2,3,5,5,5,3,0,1,0,42.33899877,10.15491372,5,-1.178644929,0.874818921,0.664835699,0.867895561,0.078610048
386,2,1,1,1,55.50658868,2,10,10,10,10,10,10,7,3,3,2,3,5,5,3,2,0,1,0,34.7425956,8.158692704,5,-1.635454762,0.592408961,0.025019464,0.867895561,-0.232541921
387,4,3,3,3,41.163998,7,10,10,10,10,10,10,6,4,6,5,4,5,5,5,4,0,0,0,38.06423552,3.135267898,5,-0.400854692,0.827750594,0.973061966,0.6181361,1.206962765
388,6,6,5,3,69.11432988,6,10,10,10,10,8,8,7,3,6,5,3,4,4,4,4,0,1,0,28.49908031,4.001787309,5,1.174088097,0.780682268,0.104345048,0.085336569,0.85764651
389,4,4,3,4,66.17707034,9,10,10,10,10,10,10,7,5,6,4,6,2,1,1,1,0,0,0,55.85948622,9.081596114,5,0.249651357,0.921887248,-3.142671818,0.867895561,1.504476979
390,5,3,2,2,47.6928593,8,9,9,10,9,9,9,6,4,4,2,4,5,4,5,4,0,1,0,39.86142464,2.979294987,3,-0.451422558,0.588418275,0.55395272,0.130102763,0.272350319
391,7,7,5,5,90.66939935,6,8,10,9,8,8,8,5,2,5,1,5,4,4,3,4,0,1,0,56.0935198,20,5,2.146247472,0.194098757,-0.061449936,-0.607690036,-0.010472014
392,3,3,2,1,27.508134,5,10,10,10,4,10,10,7,5,6,4,4,5,4,3,3,0,0,0,37.66188595,11.24853925,4,-1.238356955,0.733613941,-0.085863515,0.287372514,1.192440743
393,4,4,4,1,84.28749028,4,10,10,10,10,9,9,6,5,5,3,5,5,5,4,4,0,1,0,46.02735025,13.08152801,5,0.096802751,0.686545614,0.807266982,0.226856604,0.985062718
394,6,7,6,5,100,2,9,9,9,10,10,10,5,3,2,2,1,5,5,5,4,0,1,0,40.02965858,10.20740178,5,2.210327509,0.120773366,0.973061966,0.368376638,-0.70015414
395,4,4,3,2,34.48456777,2,10,7,9,9,10,10,7,5,4,5,4,5,5,3,4,0,1,0,42.09661475,0.1,3,-0.457299619,0.149994916,0.641471998,0.77114172,1.089108934
396,4,4,3,2,54.54166533,0,10,10,8,10,9,10,6,5,5,4,5,4,5,3,4,0,1,0,49.24064367,7.608116453,5,-0.225142493,0.12780241,0.35765931,0.435375515,1.192882877
397,4,5,4,4,80.03485802,2,10,10,9,9,10,10,7,4,6,4,6,4,5,3,5,0,1,0,53.68947643,9.008675673,5,0.748680009,0.407174012,0.665885577,0.77114172,1.311178841
398,5,5,4,4,68.3297678,8,9,9,9,9,9,9,6,3,6,3,5,5,5,5,4,0,1,0,54.36180952,15.19060979,3,0.804816739,0.403183326,0.973061966,0.130102763,0.754042427
399,4,4,3,1,68.4599262,5,10,10,10,10,10,10,7,3,5,3,3,4,4,4,4,0,0,0,37.89175321,11.55899131,5,-0.234099359,0.733613941,0.104345048,0.867895561,0.286430207
400,3,3,3,1,38.48316333,7,6,9,6,8,9,9,6,4,6,5,5,3,3,2,2,0,0,0,42.41450351,6.947928977,2,-0.963622021,-0.80161269,-1.546619387,0.033348921,1.362980883
