ppsych,ses,verbal,vissp,mem,read,arith,spell,motiv,extra,harm,stabi
-1.780021,0.476645,-0.7904403,-0.363336,0.3108815,-0.3488981,-0.9989121,-0.6567873,-0.7907122,-0.4963764,-0.5075312,-0.3138836
0.7009367,-0.6048681,-0.95543,-0.7693461,-0.3981247,-0.4520552,0.8196238,0.8778973,0.1751478,-0.2398156,-0.4155847,0.3520752
2.373426,-1.697067,-0.1301555,-0.3909941,0.1462845,-0.481817,0.7529984,-0.5688716,1.447257,0.2934153,-0.4540677,0.40706
0.1493158,0.1396363,1.75153,2.140945,-0.1893516,-0.3138441,0.5730547,-0.2915676,-0.1165421,-0.1742114,-0.5668406,0.2600437
-0.5985864,-1.83764,0.6751985,-0.1438816,-0.2460866,-0.2009742,-0.0623953,-0.1024624,-0.4222899,0.3664454,-1.007215,-0.6030737
1.466879,-0.2235039,-0.2919945,-0.6826892,-0.6206177,0.082265,0.5045174,0.0904154,0.4868769,2.202109,0.3029841,-0.7648277
-0.0952449,-0.9258073,-0.5869599,0.8485556,0.7651612,-0.567276,0.8638372,-0.1525859,1.036737,-1.173567,0.5039368,0.6031902
-1.456934,-1.599888,-0.0311275,-0.0763939,-0.0471572,-1.133888,0.3753714,-0.7449076,-0.1861007,0.2462619,0.039897,-0.1041958
-0.5084801,-0.3269256,0.1015151,-0.1157033,-0.0521374,0.2397864,-0.826082,0.2343741,-1.345222,-0.2018914,-1.533323,-1.093822
1.120311,0.0255099,-0.191221,-1.123815,0.9126673,-0.5819805,-0.1407573,-0.2550445,0.2852636,0.6838551,0.2202829,-0.3961495
1.816505,-0.8722278,-1.101876,-2.284629,-0.7050325,-0.9586946,-0.5120381,-1.0116,-0.213548,-0.1005607,-0.4988594,-0.5197804
-1.36173,-0.2468196,-0.4059243,0.322768,-0.3837933,-0.3136714,-0.9810998,-0.5178977,-1.327171,0.4346701,-1.47165,-2.223784
1.345606,-0.111747,-1.357308,-0.3047351,-0.8729344,-1.152648,-0.5075179,0.139274,0.0074682,-0.8384733,-0.3900125,-0.0681536
0.9088286,-0.8614449,-0.167471,-0.2908931,-0.1436789,-0.0894078,0.3111883,0.4711888,-0.1234672,1.123526,-0.7602469,-1.112077
0.7127136,0.4019466,0.497611,0.6209437,-0.4392984,-0.3797352,0.2665741,-0.2957346,1.621586,-0.5324448,0.9221498,0.6272686
-0.8771418,0.7053579,-0.446131,0.789894,1.301831,0.0989484,-0.5955518,-0.0981625,0.2627465,-0.3553698,1.214683,1.339196
1.243427,-0.1293421,-0.9503891,0.2824059,-1.418918,-0.9806948,-0.9956636,-1.562768,-2.094704,-1.604821,-2.468432,-0.4687459
-2.089018,-0.4172909,1.569579,0.8513219,0.5768167,0.8840849,0.1007681,-0.1835484,0.1803133,1.041975,-1.225521,-0.1746126
1.699625,-0.0283493,-0.6057445,-0.875446,-1.213055,-1.223398,-0.2866628,-1.967285,-0.2228813,-1.433107,-0.4254879,1.291131
-0.3370208,1.340055,1.333823,1.22636,1.497532,1.279322,1.493708,1.476894,1.455498,0.7054737,1.899767,0.3717919
-0.7604221,1.183647,0.0658748,0.2967852,0.7936526,0.2700116,0.0029567,0.3366162,0.4125528,0.3510247,1.062105,0.88037
0.6982169,-0.3396308,0.9563141,-0.7657275,1.080164,1.576966,1.469327,1.436446,2.618851,0.9709126,0.3947988,1.53811
-0.0893141,-0.3798783,-0.6762011,0.1404684,-0.921704,-0.3011194,-0.8765556,-0.8731384,-0.1465615,0.9156509,-0.5553192,-0.9931664
0.7446314,0.3744937,-0.6868509,0.026195,-0.1375921,0.1216785,0.1125835,-0.4844144,-0.0647465,1.352773,0.9829078,-1.592235
1.173733,-1.713474,-2.714401,-1.97223,-3.031642,-2.810245,-2.203707,-2.028295,-1.897242,-1.738755,-0.9235368,-0.9004735
1.732555,-0.8092384,-0.9305323,-1.247684,-1.256999,-1.909935,-0.5541283,-1.22433,0.4559503,0.1364602,0.3448809,0.2884197
-0.130274,-1.358043,-0.4830956,-0.6266574,-1.975131,-0.3387601,-2.551757,-0.4841011,-0.3140967,-1.200915,0.1259062,0.9169033
-0.6279855,0.4469964,-0.2755231,1.033888,-0.3121053,-0.8207383,-0.6399639,-0.4364006,0.3014924,0.1574518,0.2707277,0.5417004
1.395589,0.8673567,0.3398084,0.328474,-0.293026,0.9887384,0.6417817,1.261939,-0.2370748,1.35171,0.003183,0.0572178
-0.6499267,2.068366,0.8686907,0.0520293,0.655021,1.194811,1.271432,1.456473,0.541855,0.6946487,0.983124,1.969115
-0.7352699,1.297151,0.3026067,-0.1254842,-1.256463,-0.7823664,-1.377584,-0.8633338,0.8727378,0.1072832,1.493565,0.0743676
1.060358,0.3259393,-0.6188247,-1.188487,-1.528806,0.3305861,-0.825016,-0.0269256,-0.7142818,-0.6815271,-0.8798584,0.6145261
-0.1762792,0.4691135,0.9172794,1.015023,0.5994688,-0.0803259,-0.0902806,-0.7619422,-1.858579,0.0526668,-2.833313,-1.897574
1.892936,-1.358959,-2.461535,-2.862077,-2.613436,-3.283887,-2.580801,-3.136098,-1.271571,-0.5096074,-1.753058,-2.139575
-1.931677,0.9744982,0.4836301,0.3032961,0.4219856,0.1133266,0.7215111,0.5830274,0.2989872,0.4082779,-0.0163277,0.1832665
-1.765606,-0.9100118,-0.5649571,-0.8077284,-1.241671,-1.160437,-0.9764897,-2.01005,-0.8942353,-0.2974368,-0.3307332,0.7368474
-0.3412802,1.792701,0.9356208,-0.0149757,-0.1306034,0.9262684,1.34294,0.7652137,1.06092,0.2813689,0.7488235,-0.1144222
-0.6548356,-0.6533484,1.969174,-0.0561116,0.2292144,1.591762,1.410764,1.19568,1.979164,-0.2362776,1.792357,0.880551
-0.8728039,0.0473606,-0.8353133,0.8749257,-0.027883,0.832278,0.2836057,1.454828,0.2792732,-1.426481,0.189342,0.8891873
-0.6288615,0.5073901,0.2278988,-0.1890261,0.4445018,1.496571,1.254369,1.25622,-0.2337454,-0.1216628,-0.423791,-1.266513
-0.609139,-0.6003702,-0.8962047,-0.8997334,-1.510921,-2.037631,-2.670092,-1.592148,-1.016219,1.248463,-1.707646,-1.253047
-0.0194569,-0.1374157,1.238847,1.086124,0.4793753,0.4724268,0.8552086,-0.168575,1.418544,0.4408824,3.011592,1.423683
-0.2344373,0.2424584,-0.9919011,-0.225786,-0.7472202,-0.7990476,-2.242949,-1.296371,0.0450449,0.9866411,0.5341762,0.7294286
-0.9748979,-0.0571062,-0.1828356,0.2335346,-0.7766895,-1.197384,-1.778593,-1.073805,-0.7736377,-0.0763938,-0.4140953,-0.6459774
0.8405162,-0.6241646,-0.875569,-1.400562,-1.10702,0.0844619,-0.2482886,0.4508558,-1.616346,-0.7985026,-0.2352734,-0.5927586
-0.9379671,0.574538,0.6317872,0.3432305,1.014976,-0.0447245,0.3708429,-0.3791845,-1.527247,-0.1353141,-0.5743054,-0.8419322
-0.1269008,-0.4399999,-0.9235039,0.1596679,0.483318,0.2676356,-0.2938355,0.898642,0.7318634,-1.45528,0.2910257,1.57914
-0.6668849,1.096991,0.5842996,1.08711,1.078889,0.7628061,1.247045,1.128812,0.9711668,0.435681,1.288682,0.396733
-1.259883,0.4595829,0.6124931,1.522144,0.9837071,1.235279,2.325857,1.140878,1.529264,0.2768455,0.0707507,0.8242427
-1.585531,0.8747093,1.221946,-0.2034079,0.213601,1.134511,1.17072,1.093758,0.6868947,-0.5296719,1.096951,1.033471
0.4190606,-1.564796,-1.476689,-1.186975,-1.337687,-1.42927,-1.2214,-0.7795939,0.5639946,-1.193786,1.69133,0.7204308
-1.472708,-0.3381307,-0.1902999,-0.8229802,-0.7055827,-0.1978733,-1.090359,0.1118181,0.5475866,-0.9907787,-0.0018251,-0.1372803
1.142041,-0.8086724,1.083419,0.1856713,0.3885044,0.9223515,0.3122707,0.4103091,0.4200402,-0.0630569,-0.4928288,-0.111064
0.4279761,1.192069,0.7990574,1.022768,0.3604052,1.436052,0.3419206,0.7769113,0.4692285,-0.2656925,0.9173414,0.751321
0.6575298,-1.531393,-1.22462,-0.4156193,-1.299782,-1.07264,-0.6955839,-0.6446322,-0.1804298,0.017086,-0.0610548,-1.258611
1.172516,-0.313758,-1.008194,-0.2205012,-1.570198,-1.038156,-1.042559,0.2966294,1.20873,0.7473268,0.8190776,-0.3435212
-0.5339712,1.104484,0.4803831,0.0430333,-0.2308628,1.508704,0.1447992,0.5708407,-0.4530589,-1.349622,-0.0285389,0.408303
-1.753519,1.705435,2.115953,-0.101749,1.207518,2.338211,1.735244,1.599764,1.406372,1.859179,1.303003,-0.9573537
-1.899766,2.612034,1.867796,2.194281,1.03668,1.788118,1.235431,1.223874,1.280981,0.0984471,0.9491538,0.6762552
-0.3812595,-0.6576661,0.3063231,-0.138328,-1.839717,0.0543327,0.2782085,-0.4803398,-1.367006,-0.8720816,-1.622956,-0.3642075
0.2625733,-0.7016992,-1.074759,-0.9505123,-0.2201101,-0.479506,-0.9278718,-0.0735594,-0.5557656,0.1778966,-1.099779,-1.174298
-0.1160122,-0.1612969,-0.304784,-0.0913079,0.2261944,-0.0643758,0.0352363,-0.0095231,0.8677933,1.235122,0.5975158,-0.1059194
0.3939314,-0.0072843,-0.9352153,-1.047388,-0.8718142,-0.2049333,-0.1644375,0.2998165,1.23607,-0.5359543,0.5816749,1.128857
0.7671915,-1.334981,0.3621701,-1.132601,-0.2130781,0.2623318,0.187513,0.4600026,-0.7244153,-1.109042,-0.2210587,0.7089716
-0.0656718,0.4749889,1.057579,0.4255994,0.8208424,1.396686,0.9495501,1.397285,1.050176,1.187979,1.021083,0.7448441
-0.0631949,0.7599782,1.00065,0.7128357,0.5491164,0.7029827,0.5209193,0.7002407,0.1014635,0.2451854,-0.5936024,-1.426674
1.480087,-0.2886391,-0.5012004,-0.0033403,1.126816,-1.168074,-0.6091945,-0.3671847,-0.8190607,0.1272567,-0.3830786,-1.132651
0.0135289,0.418869,0.4299402,0.8658644,0.208782,0.5855574,0.5061427,0.3883934,0.6160249,-1.650917,-0.4474294,1.073254
-0.0844523,-0.9293329,-0.4499235,0.8601722,-0.4014016,-1.904973,-0.8523974,-1.703384,-0.2471507,0.3878974,-0.5747098,0.0250555
1.904811,-0.0850903,-1.714147,-1.431579,-1.954891,-1.110869,-1.222744,-0.8774477,-1.603001,-0.7602354,-0.3511426,-0.0753556
0.3598362,0.2329291,1.149778,2.136119,0.8176872,0.6635933,-0.0493621,0.6082563,-0.21034,0.7449649,-0.3538394,-0.9054876
-2.573079,1.557677,0.8767205,1.109667,0.57954,1.499935,0.7811078,0.9705445,0.852743,1.247893,0.4304522,0.0504548
-0.8332683,0.6240436,0.8869148,0.7034323,0.7863528,0.4259732,2.416405,0.4069674,1.697749,-0.411686,0.1329057,1.100538
-0.1143598,0.1430413,-0.3144369,-0.8557233,-0.7132807,-1.307628,-0.7776948,-0.7446136,-0.0333,-0.310573,0.4937832,0.7383134
1.209263,-0.2284056,-0.9803281,0.2062555,0.210336,-0.0060382,-0.2542437,0.4287946,0.0722464,-0.5905036,0.222981,-0.1633014
1.094693,-0.7779516,-1.87246,-1.609851,-1.300902,-1.343232,-0.3922631,-1.189937,-0.1014584,0.2215729,-0.7242685,0.5461608
-0.5452334,0.6530163,1.702001,0.1043234,-0.1875559,1.774533,0.9400116,0.8164227,0.5271247,-0.6345889,0.4955983,2.099563
1.879565,0.4100006,-0.085936,-0.026747,-0.7036637,-1.121529,-0.6121299,-1.065462,-0.9701431,1.427026,-0.6713346,-1.849718
-0.1607714,-1.166244,-1.52239,-1.383166,-0.2552629,-0.0072482,0.8861589,1.060835,0.757907,-0.4693214,0.7627819,1.941344
0.2001972,0.0353798,-0.6373903,0.2305555,-1.059566,-1.256582,-0.8897961,-1.647968,-0.6882063,-0.2662262,0.136693,0.0415179
0.8451067,-0.8718109,0.6466015,0.6012154,-0.2493712,-0.5855196,-0.0660035,-1.055413,-0.5786774,-0.4226817,0.4239732,0.2330751
0.4619688,0.261468,0.3373135,1.025274,1.49457,-0.9798716,0.6528062,-0.2843422,0.6693964,0.6378509,0.8683398,-0.7167338
-0.7752047,0.379667,-0.0830306,-0.8576514,-0.1866165,0.1161425,0.0453442,0.4106342,-0.2648439,-0.4324184,0.412474,1.006207
-1.573228,-0.3196635,-0.3484166,0.715301,0.7100888,0.5575903,0.0960671,1.229578,0.8703713,1.873158,1.275129,-0.1793788
-0.8844332,1.217758,1.101831,2.033497,0.9154732,0.4482802,0.6989623,0.6220484,1.388656,0.3523642,1.674647,2.410969
-0.3596789,0.7194687,0.6298548,0.030291,0.9865471,0.1496774,1.974404,-0.0781567,1.108443,0.2072411,2.208027,2.179799
-0.3295207,0.3331323,-0.9928504,-2.254611,-2.118094,-0.6212379,-1.969214,-1.958042,-2.097128,-1.649809,-0.8091766,-0.9851861
-0.2320089,1.620981,1.033388,1.273212,0.3025601,1.42103,0.7651403,0.7039064,-0.4916105,-0.8412258,-0.1065247,2.189453
0.9929138,-1.015731,-1.855612,-0.7484533,-1.294003,-2.556933,-2.042177,-2.299856,-2.046113,0.8324654,-0.5218122,-1.478522
0.6860758,-0.8597039,-2.308313,-2.887978,-2.000165,-1.852109,-1.408225,-1.19724,-0.9767687,-0.491128,-1.577718,-0.6531761
0.5973741,0.9507123,0.1751073,1.272702,-0.434861,0.0593997,-0.0583645,-0.4765257,0.6153517,-0.7469869,0.3406977,0.4759233
1.319731,-0.7252557,-2.126544,-1.00791,-0.509922,-1.735105,-1.479642,-1.303607,-1.216716,-0.4526645,0.2868252,-0.600209
2.239964,-1.902034,-0.7228913,-0.6200678,-0.300135,0.211287,0.9333937,0.8527912,0.8851975,-1.360825,-0.3470612,2.118998
-0.0741,0.2335344,0.5977936,-0.048817,0.2050882,0.3696097,0.4542965,0.2641033,-0.0390027,3.137448,-0.3490002,-1.721627
0.5151439,-0.500389,-1.910061,-2.398813,-1.645113,-1.626135,-1.102548,-1.245178,0.1759491,-0.6711538,-0.3308421,0.5244626
0.1203681,2.497538,0.575755,-0.1309072,-0.2441537,0.1151833,0.0092808,0.3060404,0.5711548,-1.145588,0.0063549,0.2156644
0.2159039,1.547179,0.267737,0.3891049,0.2294407,0.6068187,-0.2245192,0.3767511,1.41508,-0.0192437,1.426373,0.5912908
-0.9883909,1.236701,0.6933478,0.9914675,0.2181288,0.0200506,0.8664874,-0.0117771,0.571275,1.027432,1.133343,1.166469
0.6579036,1.207574,0.2632838,0.3137046,0.5272263,0.5013787,0.3322389,0.3727444,0.456946,-0.2086997,-0.2380485,0.1429592
-1.397765,-0.0029856,0.0674428,0.4976766,2.116345,0.6613421,-0.1210037,1.967611,1.974778,-0.5888921,0.8802958,2.232188
-1.976849,-0.3374066,-0.1091809,0.7139565,0.8752995,0.287257,-0.3831109,0.5197333,0.9038125,-0.6769924,0.9481726,1.620007
-0.0949667,0.0124732,0.4503999,-0.2078516,-0.0025965,0.4214746,0.4842884,-0.2604438,0.3785077,-1.327195,1.124916,1.54992
-1.622577,0.2421439,0.3360438,0.6793424,1.1731,-0.3356008,-0.4575866,0.3447782,0.57696,-0.2574396,0.7432057,0.1085641
-0.3220755,0.5054376,1.202404,0.0629885,0.8125552,1.473677,0.4697732,1.289312,0.8154062,2.073427,1.019561,-0.5520872
0.7003869,0.1494061,-0.4051415,0.0362913,0.7019305,0.3516841,0.2411227,0.7043731,0.842915,-0.0489048,0.8529642,1.636177
1.008686,-1.132941,-0.3207842,-1.138654,-1.141482,-1.410945,-1.558619,-1.12833,-1.476856,-0.4268701,-1.723192,-1.526749
1.0011,-0.9036812,-1.045485,-1.141528,-0.8535592,-1.15631,-0.491825,-0.6455764,-0.5977497,-0.3368393,-0.2158546,-1.19325
-0.9935079,-0.4323707,0.5305345,0.4841576,-0.0601236,0.5032551,-0.0485456,0.0448892,0.2873236,-0.5665339,0.1262148,-0.1413059
-1.528139,2.765088,1.130978,1.868705,2.208518,1.132133,1.600229,1.236206,2.121174,1.023552,1.630041,0.577127
-0.78067,-0.2258514,-0.2740681,-1.541478,-0.1865259,-0.1514679,-0.1952247,0.0045267,0.7320471,1.498325,0.5432509,0.2460162
0.449457,0.7637625,1.691297,1.886743,0.3663369,0.3950732,1.13932,0.0804995,0.6485012,-0.1581703,-0.4438896,1.068062
-1.328225,1.33263,1.177697,2.402977,2.049236,1.547739,2.587265,2.693276,1.169172,0.378378,-0.3149401,0.32114
-1.879863,0.6317701,1.625094,2.393004,1.441884,0.1574139,0.9585224,0.3548366,-0.3733639,0.0246829,-0.541226,0.0425019
-0.1130184,2.446989,1.671064,1.532188,1.649887,1.625008,1.958225,1.521573,1.018358,-0.3508471,0.7111922,1.440981
0.8883311,0.6708835,0.1947689,-0.3096504,-0.1156814,0.6741341,-0.3843763,0.0682562,0.4995244,-0.7145141,0.9344945,1.132208
0.5027411,1.376377,-0.487088,-0.7429968,0.7230791,-0.4475402,0.4521432,0.6087414,0.0921047,0.9338923,-0.3894291,-0.895143
-1.364264,-0.1332545,0.0821551,0.1009905,-0.1032517,0.3866925,0.0951513,0.3653705,-0.0430087,-0.1380088,-0.8875284,1.058257
0.87341,0.5020759,-0.4057097,-0.5974007,0.0194155,-0.5614185,-0.0345237,-0.1246815,0.3311066,0.4175815,-0.5989038,0.5372888
1.882124,0.6012055,0.8888557,-0.4858433,-0.1899376,0.7523572,0.4039099,0.1349503,-0.117663,-1.242705,-0.2866612,0.4530241
-2.30634,1.72831,0.8659073,0.0065421,0.1221914,0.346593,-0.6299058,0.2438303,-0.1037845,-0.0786277,-0.0625837,0.348639
-0.4876268,-1.754535,-0.3437044,-1.093969,-0.3679034,0.2022862,-0.3231525,0.0228017,-1.045788,-2.376655,-0.5331743,-0.3022299
-0.8058745,1.033371,1.630145,1.506428,2.248434,2.513919,2.408022,2.402168,1.252849,0.4950108,2.086989,1.049889
-0.6355289,0.5204489,-0.10965,-0.4874524,0.0318694,-0.166613,0.4016885,-0.1424621,1.22829,-0.9150538,0.4262094,0.8304576
-0.7285291,-0.1567083,-0.9234647,-0.6190713,-0.369279,-1.213589,-0.0833829,0.0698087,0.5608508,-0.8039436,0.1252902,1.901334
1.1028,0.2025176,-1.65746,-0.7496544,-0.5968512,-0.2127123,-0.6140625,0.3773828,-0.5572068,-0.236962,-0.6000304,-0.3620207
-0.2614377,0.1250994,0.980909,0.6122659,1.282979,0.9574,1.619135,1.959509,0.6751894,0.7353253,0.1456178,-0.0856459
0.0750714,-0.9573907,-1.100738,-0.7280242,-0.5717525,-0.7047673,0.3564208,-0.450108,1.192155,0.1671693,-0.6747988,0.1724367
1.265786,0.2529546,0.0949333,-0.6981053,1.207267,0.203903,0.2376283,0.3816444,0.5447405,-1.758004,-0.2262796,1.895697
-0.6380928,0.4248238,-0.1365284,-0.3311013,-0.7480562,0.9984396,-0.4112209,0.3248697,-0.5703391,-1.417405,0.5530522,1.027315
-1.03762,1.398363,-0.3840619,-0.4822583,-0.2191482,-0.2684253,-0.1320503,0.1953956,-0.1034563,-0.3298047,1.276676,0.003917
0.0725944,-0.5927966,1.20353,0.2037095,-0.157961,1.708426,1.264167,1.41234,-0.6682473,-1.408877,-0.2708279,0.5682007
0.1937112,-0.4880899,0.1210872,-0.7034422,-0.5077858,0.2814501,-0.0584932,-0.0562686,-0.2568812,0.6525539,-0.0409658,0.3477479
-0.3266153,0.5559685,-0.1999469,-0.3818605,-0.5336275,-0.2501682,-0.8836926,0.1102605,-0.419902,-1.099053,0.3281846,-0.5085419
-1.033494,-0.3463247,0.3759934,0.1160346,-0.3927408,-0.657339,-1.788569,-1.190227,-0.9432201,1.601858,-1.76139,-1.246705
-0.2715355,0.6266772,1.408252,0.3765983,1.365766,1.714406,1.76775,1.188872,0.7896635,1.64635,0.5203585,1.247063
-0.52297,0.8641309,1.032282,2.027932,2.518469,1.626639,1.440703,1.78378,0.959797,-0.4137481,1.281038,0.5310347
-0.5938616,0.8637509,-0.0730217,0.3320446,-0.1483179,-0.0344166,-0.3087904,-0.7153088,0.7726818,-0.0959204,-0.9217314,0.5422468
1.005327,-0.1776141,-1.503615,-2.315542,-1.061645,-1.520608,-0.9369053,-0.3895205,-0.6296026,0.0600015,0.3596359,0.5336969
0.2329826,0.0756593,-0.4519313,-0.6386928,-0.5664107,-0.2252918,-0.3802012,-0.6667875,-0.218842,-0.3319549,0.7938974,-0.8380803
0.1511177,-0.0339873,0.4499081,-0.6412065,0.1297302,0.821794,0.3481481,0.9024235,-0.1168089,1.987686,-1.046661,-1.19372
0.6747761,1.16545,0.3007654,-0.2253046,0.9427663,0.3693355,0.4131566,0.3401078,1.405812,1.829699,1.543609,-0.695833
0.7267093,-0.1412589,-1.765422,-1.084934,-1.157597,-2.225329,-2.496367,-2.434304,-3.397121,-1.828346,-2.329451,-2.289859
0.2611655,0.6176401,1.689983,0.8935698,1.574326,1.255062,1.229395,1.143815,0.2308777,-0.6142789,0.4788923,-0.1763525
-0.2228937,0.8210433,-0.0534771,0.1802935,-0.2623173,-0.5287473,0.2987423,-0.2868808,0.3225522,0.0987836,0.2853622,0.3079808
-0.352757,1.156493,0.6616101,-1.121068,-0.6436829,1.357156,0.6371087,0.3619447,0.1069634,-0.8412796,0.1622496,-0.2258969
-1.647188,-0.8630685,-0.7087308,-0.2898104,0.1922535,0.4321482,0.1556658,0.0873122,-1.851454,-1.80846,-1.23148,-1.328601
-1.049075,-0.8236621,-0.1080064,-0.8344658,-1.457421,-0.1732839,-0.9754149,-0.0251446,-0.1484643,0.7614293,-0.1081277,0.2363615
-0.2656981,0.2829291,0.9118544,0.1727861,0.6091543,0.3431978,0.8463795,0.9438311,1.11711,-0.4852866,1.058524,0.3000782
-1.037721,-0.2562719,0.5812228,-0.4372844,-0.2588459,0.9989278,0.6838566,1.149957,1.348948,-1.091362,1.314501,1.570691
1.336877,-1.479921,-2.308775,-1.88787,-1.643201,-1.904218,-1.374851,-1.151846,-2.023548,-0.1640601,-1.410205,-0.2109484
1.615219,-2.067084,-0.0966391,-1.213548,-0.9732673,-0.8629325,-1.343021,-0.4071971,-0.6961362,-1.726785,-0.6828644,1.208438
-1.567664,1.21399,1.051457,0.5042688,0.52954,0.6548666,1.30065,1.379743,1.583907,1.64828,0.9000556,0.0204589
0.3987875,-0.7255434,-0.9714806,-1.262084,-0.2738546,-0.9706345,-1.28662,-0.6899539,-1.468284,-0.5094267,-1.882161,-1.647721
-0.1854814,-0.1052085,0.0690391,-0.3225107,0.3221094,0.5608347,-1.142691,0.7047414,1.040018,-1.102344,1.61232,1.409172
0.4108279,-1.052842,0.5161006,0.9242774,0.6074343,0.2241784,0.7621449,0.2653084,1.670391,2.525502,1.312372,0.8853821
0.0632123,-0.3838469,-2.027491,-2.840581,-1.226373,-0.6654581,-0.1891583,-0.2461661,0.5786038,1.385888,1.131489,-0.4051364
-0.5410954,-0.1045631,-0.4376742,0.4989968,-0.6241444,-0.9257385,-1.6688,-2.286535,-1.415149,-0.1879073,-1.041012,-1.588409
-0.817533,-0.7167891,-0.5668392,-0.7984711,-0.3371691,-0.397684,0.0128429,-0.0276238,-0.3954012,0.8468714,-0.176569,-1.300844
0.4011241,-0.5021942,0.1385648,-1.770019,-1.230902,-0.0083536,-1.626957,-0.9486772,0.2775058,2.131622,0.8490323,-0.8372564
0.95733,-1.973711,-0.4550254,0.7618691,-0.4703561,-1.086767,-0.9339994,-0.2430815,-0.7459465,-0.8051988,-0.9443934,0.0252237
0.0459597,1.04124,1.678931,0.0584315,0.970367,0.6870185,0.8015102,1.221453,-0.2364696,1.478101,-0.6199315,-1.738608
0.3626887,-0.8161607,0.098826,-0.7223433,-0.4357313,-0.4391439,-0.0619898,-0.8075165,-0.3158073,-1.37927,-0.6693296,0.2408921
0.920511,-2.044171,-1.993537,-0.8601484,-1.0397,-1.980807,-2.206345,-2.48802,-0.7460887,0.3817147,-0.3994729,-1.851405
-0.5036305,-0.4805199,0.4488167,0.0171825,1.05322,1.286669,0.6804118,0.8150352,-0.1349574,-0.4729372,-0.1370855,-0.2271836
0.0872448,-2.07912,-1.023132,0.0899018,0.1212142,-0.1546113,-0.4990643,-0.101524,-0.1091775,-0.6410461,0.2577727,1.051623
0.8090889,0.6855668,-1.184573,-0.7499114,-1.868125,-1.39488,-1.601402,-1.757486,-1.204495,1.124567,0.7344744,-0.66733
-1.622577,1.850363,0.1583407,0.6224869,0.0602356,-0.1506128,-0.6717919,-0.5153076,-0.6766997,-0.7511615,-1.031194,-0.410326
1.046167,-1.458064,-0.2292086,0.6245472,0.4338627,-0.0662703,0.3986553,0.0282324,1.031149,-1.241547,-0.1576435,1.19659
-0.8086315,0.4555344,2.120591,1.758048,0.9853608,1.571915,1.256609,1.338795,0.995911,0.0568164,1.439405,0.636488
-0.0572298,-0.0939488,0.2137989,-0.5076113,-1.346515,-0.8205746,-0.2846979,-0.4842364,0.7005773,-0.1266469,1.192461,1.521379
-1.526517,0.8418831,1.752426,1.600735,1.750798,2.659051,0.9284748,2.341684,0.8666424,1.428569,0.338831,-0.7037547
-0.2971023,-1.344505,0.2062399,-0.3575121,0.2454806,0.4652911,0.4391899,-0.094259,-0.0226802,1.111419,-0.1666428,0.1408328
0.8668185,-0.0838937,-2.872834,-1.001948,-1.468482,-2.954749,-0.7447939,-2.058426,-1.456114,-1.041462,-1.979927,-1.40003
1.58242,-0.5578716,-1.071812,-0.9733388,-0.2343892,0.4707673,-0.0187492,0.2571377,0.469559,-0.5380856,-0.8314282,0.7147456
-0.4819527,-0.1108397,0.9720094,-0.0508388,2.125529,0.8759155,0.6120279,0.0494919,0.7893845,-0.0227015,0.3231373,-0.1501262
0.3831729,-1.220981,-0.100344,0.3207944,0.3943187,-0.1232137,-0.8222163,0.0167783,0.1514207,2.54928,-0.0655733,-0.0742904
-0.5902007,0.0523059,0.6334162,0.8898966,1.441466,1.597275,0.5860171,1.346786,0.0386609,-0.1726187,-0.2572697,-1.026284
0.1036821,-0.961511,0.7917582,-0.4486324,-0.6132514,-0.4125191,0.221678,-0.9169347,-1.065245,-0.3852,-1.504581,-0.3056863
0.194435,0.2980076,-0.7489245,-0.6047608,-0.5168454,-0.8816168,-0.1921739,-1.200733,-1.70871,0.7257257,-2.007198,-1.830855
-2.185401,1.853315,0.1802329,0.5300977,1.125808,0.5363996,0.8615309,1.186024,0.8491136,1.84214,0.671771,-0.6934131
0.1930648,0.2689463,0.6320818,0.0309475,0.0151162,0.7438453,0.3646004,1.194232,0.6353312,0.0658145,1.104937,0.4595769
-0.7844869,0.0839224,0.7603212,0.0232657,0.6630527,0.7966545,0.0563246,0.5453864,-0.4032564,0.0382606,-0.2419633,0.8624296
1.138039,-1.959815,-0.4476268,0.1510565,1.125531,0.4361611,0.4682472,0.6223044,0.4398282,-3.222343,0.6651824,1.620637
-0.0377649,-0.418572,0.8466926,1.224564,1.840414,1.830078,1.527635,2.478565,1.783335,2.0865,1.358131,-0.6941879
-0.8635014,0.3803776,-1.157211,0.1183789,-0.5381302,-1.648584,-1.464984,-0.8547785,-0.4120121,0.6785455,-0.4315748,-0.6309215
1.320452,0.8021261,-0.5556647,-0.3648394,-1.591078,0.1562516,-0.7809749,0.3023778,-1.112184,-0.0345006,-0.8006283,0.4776764
-0.340748,-0.596599,0.6425132,0.4629183,-0.1210738,0.323103,-0.0041544,-0.6158715,0.551854,0.0833029,0.3250342,0.7734872
-0.0233204,-0.6237159,0.6650674,-1.579624,-0.1691572,0.5114694,1.226293,0.1405324,0.2261657,-0.3275694,0.1565066,-1.152437
-0.373463,0.6299253,-0.1711805,0.6042945,0.5333911,-0.3497889,0.3737186,-0.5477083,1.605455,0.4985868,0.4051578,1.153261
-0.7755685,1.939946,1.179082,1.118702,1.748814,1.400668,1.8405,1.517852,0.8727355,-0.2096575,0.5807313,0.826646
0.5900353,-0.3021957,-1.549153,-0.5954379,-0.4060574,-1.257014,0.8254248,-0.3852807,-0.3909386,1.375221,-1.220313,-0.6660259
1.350869,1.924752,1.654181,0.0691208,-1.181759,-0.7765494,-0.5852113,-1.540531,-1.03779,-0.3698226,-0.3657044,0.2329393
0.3283132,0.7601766,0.1284364,-0.1816503,0.3999743,0.1927839,0.0454299,0.411811,0.1785291,-1.28197,0.2642239,1.131741
-1.523906,0.4845672,1.026166,1.162859,1.668956,1.392354,1.663746,1.445876,1.964487,0.7238228,1.516992,1.180477
0.2751909,0.2162032,1.324488,1.43098,0.6903056,0.800578,1.914376,1.283385,0.661091,1.058556,1.634118,0.4848501
-0.3745523,-0.6201988,1.461079,1.248208,0.2399928,1.231723,1.030007,1.662509,-0.6561765,-1.568422,-0.0905367,0.1857877
0.4155278,0.7947306,-0.6352813,-0.6715918,-0.3011442,0.0676089,-0.0835677,-0.1408176,0.6536961,0.2725888,0.3049098,0.0350941
-1.559932,2.134943,0.0327363,-0.2434667,0.00266,0.1276136,0.0865664,-0.2469656,0.34637,1.543903,0.6458191,-1.700178
0.0092543,-1.486045,-0.3254188,-0.6243035,-1.372884,-2.07144,-1.065464,-2.636028,-0.119975,0.6070122,-0.9296178,-1.913661
-0.1791409,0.8333518,1.592893,0.1526704,0.8798041,0.2668202,0.100729,-0.0214115,-0.4616147,-0.5154043,-0.6213769,-0.2560348
2.462742,-1.428264,-0.7330357,-0.7276073,-1.052845,-1.216773,-1.30655,-1.395381,-0.9472829,-0.6264806,-0.8063358,-0.3717507
-0.0274791,0.2089816,0.4455261,-0.2597481,-0.3338456,-0.2439077,0.5524038,0.1889894,-0.7850628,0.4386704,0.0680632,-0.7552399
1.066426,-0.9261585,-0.821222,-1.258727,-0.3033514,-1.094301,-0.8062094,-1.101809,-0.755182,-0.2226168,-1.461152,-1.713405
-1.609241,-0.0341651,0.3164112,-0.6205178,-1.600374,-0.8589949,-1.285348,-0.6772153,-0.8709044,-0.7699484,0.4169257,0.7977823
0.1389227,-0.3212551,1.537396,1.114887,0.8077728,0.3541638,1.366552,-0.5735195,0.0200324,-0.6990561,1.072072,1.19194
1.504808,0.3227278,0.6103967,1.23925,0.3647337,0.0888468,0.0633955,0.3240114,-0.7034509,0.2971655,-0.9751347,-0.0816278
1.093976,-0.7622614,1.22251,-0.7301409,0.232596,0.8860416,-0.1391077,0.4527741,-1.331039,-1.182966,-0.9220378,-0.7767379
0.1893582,0.3787082,0.5525761,-0.2877751,-0.0781412,0.404154,0.5885337,-0.7875893,0.2966531,-1.650324,-0.2338124,1.122336
-0.4975089,0.8437107,1.160179,1.190784,0.5892101,0.5416768,1.380509,-0.305057,-0.9888801,1.36926,-0.9793023,-2.169861
-0.0860618,0.5810105,0.0655421,1.53281,-0.2832535,-0.7164662,-0.0118986,-0.4140284,0.3317975,0.6631421,1.108582,0.582985
1.168518,-0.7857944,-1.128681,-0.2765307,-1.322534,-1.28502,-0.7519407,-1.784421,-2.165962,-0.0917334,-1.584383,-2.154173
0.1073927,-0.231773,1.881249,-0.2456469,1.553987,1.315792,0.9917017,0.7333475,2.107718,2.641571,1.640703,-0.3502262
-1.206872,1.36659,0.8371789,0.5190394,0.5631658,-0.3844084,0.2649005,-0.5208199,0.3600218,0.2223637,0.6225776,1.129236
0.2772176,-0.8257988,-0.174936,-0.3366492,0.046861,0.873411,-0.1877244,1.212428,-0.1537148,-1.187104,-0.4339539,0.8681066
0.3904028,-0.6096246,0.1934365,-0.4372669,0.9932002,0.2410546,0.7219462,0.2030089,-0.6678017,0.0317168,0.2292689,-0.6924523
0.5946892,-1.89465,-0.5924982,-0.7306988,-0.3221368,-0.2273422,-1.398442,-0.140266,-0.1201123,0.5839052,-0.3229319,-1.058355
-2.127863,0.7688148,0.7288913,2.224539,1.408745,0.6267371,0.6491894,0.8238558,1.281937,-0.0209898,0.348615,0.4671652
-1.103933,-0.6031728,-0.0243202,-0.7574958,-0.8016894,0.0848794,0.0945558,-0.0164254,-0.0575655,-0.6429978,-0.7256778,-0.8274794
-1.21994,0.7143137,-0.1949672,0.4890893,-0.3278826,0.2834941,-0.1508383,0.6955899,-0.6848316,1.224464,0.0333816,-0.9110391
-0.2648365,-0.733481,0.7989381,-0.1751911,-0.0847489,0.8767592,0.3322894,1.077168,1.234126,-1.661582,1.841987,0.9809103
-0.9335598,1.614101,1.076862,2.765674,0.6983075,1.376344,-0.1050525,1.017235,-0.0248206,0.0879827,-0.880747,2.073146
0.7322482,0.074466,-0.0153568,-1.517732,-0.2234221,-0.9328381,-0.15437,-0.1441896,0.0225541,-1.202955,-0.5798618,0.0614388
-1.136755,1.182744,0.7225986,0.3367149,-0.2394804,-0.1405647,0.1989458,-0.5179127,0.8951061,0.5332226,0.8671972,0.385687
1.737209,0.1140689,-0.6279199,0.2773148,-0.8037745,0.2011044,-0.4906392,-1.291856,-0.5258317,-0.6582463,-0.0923806,1.062508
1.695129,-0.6565311,-0.5274928,0.2126996,-0.2427717,0.2324436,-0.5642856,0.0229441,-1.457997,-0.5343329,-0.6593527,-0.5623227
0.9898928,-0.2771857,-0.6443845,0.3994111,-0.363414,0.3285567,-0.0518224,0.7291014,0.0989499,-0.7506887,0.5677983,0.1079648
0.0366382,-0.7955541,0.8544034,0.628121,-0.4353469,-0.9453739,-0.5661188,-1.742686,-0.9449557,-0.2983904,-0.7425961,-0.6748873
-0.3295268,0.3053978,-1.63595,-0.7361662,0.1199765,-0.6187193,-1.283337,-0.3239563,-1.671824,-0.4154059,-0.957491,-0.3984946
-0.8795938,-1.288384,0.2680338,-0.121063,-0.580874,0.2655382,0.2560768,-0.4158179,0.0430146,0.5261518,0.408247,-0.7109807
1.177001,-1.884918,0.4230291,-0.7767036,-0.5396897,0.2818157,1.117394,-0.3322257,-0.7176464,0.9594021,-0.3845436,-2.107644
-0.2171486,1.25986,0.5759133,0.3230805,0.4306039,0.6879764,0.8340626,0.2418967,1.870052,-0.5440752,1.701399,1.199248
-0.1307405,0.440472,-0.3705626,-1.335304,-1.244518,-0.6732817,-1.617935,-1.031945,-2.613436,-0.8172208,-1.357676,-1.132031
-1.681164,0.8945391,0.5600918,1.56032,1.601036,0.8799785,0.1658475,1.089868,0.0991593,-1.369449,1.268611,0.7476294
-1.360402,1.141756,0.9882289,2.269183,2.173947,1.184881,0.1176416,1.012024,1.382718,0.5652521,2.475595,1.758181
2.056449,-0.5062159,-0.0198454,-1.326781,-1.466694,-0.0238903,0.0179548,0.1148421,0.0856728,-1.087422,-0.024573,0.0631189
0.3400977,-0.417152,0.2194654,0.7712476,0.959972,-0.1603689,0.10947,0.2641055,0.251747,-1.44732,0.9796182,0.8604848
0.6159965,-0.8884755,-1.111525,-1.282795,-0.7090673,-0.6361233,0.1215338,-0.0480292,1.02677,-0.7343047,0.0502337,0.9226213
-0.8061433,-0.9741315,-0.068953,-0.0158827,-0.9972178,-0.4290537,1.264571,-0.6575319,-1.437574,-1.027782,-1.025043,-1.303621
-0.7921205,-0.3132605,-0.1799489,-0.0122212,-0.2995616,0.1876785,0.0124703,0.6198187,0.1632909,-0.1511853,0.005785,0.9144588
0.7893248,1.856323,2.939624,1.187079,1.937263,2.760558,3.304831,2.263263,2.646903,0.849912,1.643062,2.386423
-1.646259,1.276498,1.539133,0.0034075,-0.9532251,0.6721888,0.6296967,0.0270652,0.3764886,1.973256,0.917447,-0.3119675
-0.9398696,0.8267953,-0.2707278,-0.9002345,-1.655468,-0.8472215,-1.307948,-0.5751866,-1.150138,-0.2795087,-1.635138,-0.851817
0.404108,-0.3894798,-1.158166,-1.573671,-1.915037,-1.419894,-1.943918,-1.602997,-1.408928,-0.7585688,-1.181111,-1.855733
0.2326711,1.155459,0.5875229,1.156116,1.603259,0.979523,0.8774062,0.5715774,0.9710218,-0.1099439,0.436044,1.489852
-0.2128022,-0.0232564,-0.2501784,-0.5698928,1.024262,-0.1390542,0.4221715,-0.2056407,0.0253924,0.1980345,0.2107358,-1.116418
2.038749,-2.005085,-2.434613,-2.191211,-2.058254,-1.52266,-0.8172973,-1.778394,-1.813825,-0.3921377,-2.162914,-1.435004
0.5983284,0.2490586,0.3947241,0.391544,0.0860929,0.4293641,0.8002233,0.248687,0.3390841,-1.672087,0.7087799,1.715713
-1.076418,-0.3697712,0.3189804,1.838706,1.902598,1.186257,0.1440781,0.7871337,-0.0038989,0.2400922,0.6847373,-0.1863675
0.6100646,-0.4736043,0.1846067,-0.0002508,-0.7042401,-0.987263,-0.8837355,-1.093744,-0.5979357,-1.392627,0.0068595,0.3323136
0.5459157,-0.0993715,-0.144569,0.4087323,0.4127266,-0.2090512,0.5950401,0.5653527,0.8648338,1.243935,0.7937891,-0.087698
0.5139437,-0.0758076,0.34141,-0.048899,0.1077218,-0.4142961,-0.1643949,-0.059274,0.9059507,-1.550032,1.048694,-0.041019
0.1436145,1.052148,0.4435512,-0.1274993,0.2967469,0.9647166,0.2563729,0.9414465,0.1726487,1.199139,-0.1327756,-1.355315
-0.5934989,0.5094244,0.2647566,0.0537832,0.1743919,0.4774253,-0.2963629,0.6233429,-0.1678993,-0.6572733,0.2228692,1.051534
-0.5200832,0.7006384,-0.6314843,0.7461563,-0.06097,-0.8070762,-0.5132084,-0.196768,-0.1341751,-0.2519432,-0.5085409,0.8501648
1.200743,-0.4137992,0.2853938,-0.7127447,-0.5942638,-0.2128081,-0.1192565,-0.0450357,0.1333812,-0.1627673,0.6285055,0.7573945
0.4149557,-0.1959739,-0.0275191,-0.8169025,0.1759455,-0.2031235,0.3175105,-0.3185843,-0.725185,-0.8151711,0.2587224,0.5745109
-0.5765187,0.4718976,0.5368354,-1.085227,0.0753788,1.055723,0.1312327,1.083958,1.028433,1.236067,1.00704,-0.7950572
0.1277098,0.3104253,-0.2821176,-1.064071,-0.6628095,0.4135683,-0.7450861,-0.1053765,-1.263705,-0.0035671,-1.104303,-1.230355
-0.5811558,-1.201457,-0.9262987,-1.107526,-0.7293676,-1.073085,0.2446191,-1.555487,-0.5407184,-0.6233218,-0.9853936,0.0907411
0.7411731,-1.307934,-0.6469049,0.3806882,1.326043,0.1898059,0.689706,0.0538382,0.0048469,-1.24236,-0.1920102,-0.078922
0.9432785,-2.494065,-0.207369,0.7368284,-0.4558644,-0.9563697,0.6884566,-1.181133,-0.0641925,0.2133831,0.3275046,0.1485163
-1.573612,1.18957,-0.2077591,0.5840182,-0.3316305,-0.3614337,-0.3872674,-0.7507335,-0.3178128,-0.5707847,-0.3346542,0.6118427
-0.4928553,-0.147195,0.0350438,0.1548309,0.241825,0.7402015,0.7409366,1.520024,-0.0788796,-0.3208402,-0.0728118,0.7286467
0.2082482,-0.3003204,1.048598,2.246734,1.208119,0.3398393,-0.3006113,-0.1279919,0.370819,-0.4916131,0.4726203,-0.3884399
-0.1775894,-0.8336635,-0.4277993,0.1727742,0.9959329,-0.5549313,-0.5033472,0.6379549,1.058988,0.3507311,1.522113,0.8359285
-2.043966,0.2794669,2.379296,1.248634,0.6552669,2.339465,1.769007,1.842122,1.1221,-2.048824,0.8494716,2.141783
-0.4843992,-0.9830875,-0.0668091,1.556792,-0.1539178,0.6821216,-0.4398792,0.499967,-0.4612973,-0.3023565,-1.347779,-0.3319135
-0.1672626,0.9168639,0.2942623,1.289989,-0.6479304,0.2271742,-0.487782,-0.6276344,-1.451547,0.774413,-0.0154375,-0.7536018
0.5656171,-0.8147988,-0.9633176,-1.530157,-1.187817,-0.7198169,-0.6781458,-0.0462666,-0.0602709,-1.511985,-0.359386,-0.0125427
-0.8649208,0.4753534,-0.3531169,-0.3068557,-0.3459274,0.4596016,-0.1748776,0.4214458,0.0151938,-0.7351689,0.387744,1.120922
0.556618,-0.1937499,0.4115599,0.6887429,1.483738,0.9207264,-0.0582964,-0.2396442,0.0837668,0.5633946,1.001849,-0.4388524
-0.3246541,0.2342914,0.4264785,0.5905672,0.1719819,0.4936078,1.669919,0.9484778,2.026589,1.260262,0.9964013,1.866871
0.6137651,-0.169488,-0.6590328,-0.3912866,-0.9503053,-1.042863,-0.7011952,-1.079707,-1.16815,-0.6266723,-1.181281,-1.045103
0.4884636,-1.181416,-0.1230358,-0.967247,-0.6376221,0.3074678,-0.1055443,0.6327805,0.6818601,-1.187276,0.9607911,1.00185
-0.7177172,-0.4082156,0.7208669,0.1828897,-0.2286972,-0.0484037,0.0651968,-0.375183,-0.1454545,-0.9751499,-0.1041362,-0.6188759
-0.0551283,0.9092724,-0.3586658,-0.6666549,-0.7730082,-0.8156361,0.4674964,-0.8802554,-0.0200915,-0.5080163,0.8749657,1.541827
-1.214258,0.5742034,0.2919458,0.2294884,-0.7979618,-0.3349586,0.0424883,-0.2718889,1.207541,1.131194,2.081824,0.7638103
-0.1272757,-0.3625909,0.0035852,-0.3895478,0.1791072,0.5434461,0.2872128,0.6309639,0.1781523,-0.2666047,-0.3861746,-0.2298448
0.4088738,-0.2319976,-0.7885978,-1.124726,-1.677227,-1.600241,-1.796788,-1.451024,-0.7705548,-0.529058,-1.177735,-0.6835699
0.4424506,1.380687,0.088201,-0.1679918,-0.9119319,-0.8184258,0.7469859,-0.0992636,-0.3763378,1.423363,-0.3301903,0.0353165
0.1417085,1.323342,0.7514837,1.13735,-0.013199,0.3629419,-0.2633566,-0.6062704,-1.481458,-0.3094816,-2.580543,-0.808055
-1.622467,1.177933,0.0757946,0.2414958,2.319298,2.597227,2.031735,2.202604,1.058077,0.7078338,0.5123122,0.1732301
0.7358105,0.2508689,0.848714,-0.3057062,1.126105,1.110934,1.973752,1.307357,1.746796,-0.0702792,1.121194,0.7791288
-0.6727237,-1.425954,-0.7881063,-0.5681049,-1.415032,-0.9039514,-1.651766,0.1158222,0.376077,0.8672291,0.6934317,0.186217
-1.190698,0.8281417,0.7104109,1.228046,1.020888,1.03916,1.525613,0.5100313,0.214969,0.5836905,0.3945262,-0.4838924
0.0475979,-0.3227574,-0.9057013,0.2639425,-0.3061156,-0.3800351,-0.2279366,0.3107705,-1.377229,-0.2351203,-1.253837,-1.363894
1.934029,-0.3294773,-0.6607825,-1.288328,0.1840089,-0.0964681,-0.1580664,0.1951723,0.4527696,1.163125,0.39183,0.5036891
0.67465,2.909634,2.512009,1.183097,2.341426,2.045402,3.009022,2.525902,2.464808,0.7806309,1.397681,1.076216
1.590106,0.115542,-0.4230177,1.147383,-0.9747456,-0.7703165,-0.5497574,-0.6800591,-1.996414,-1.538758,-1.219894,-0.1305413
-1.539536,1.120844,-0.076707,1.613885,0.249422,-0.1150392,0.7723702,-0.2269652,0.2029257,-0.3030259,-0.1659653,-0.3625842
0.1355867,1.270247,0.5758615,-0.7494375,-0.5217637,-0.3415984,-0.477068,-0.0523089,0.2040471,1.836442,0.005721,-1.066163
1.70325,0.6188751,-0.7295686,-1.436484,-1.163615,-1.111647,-0.4078297,-1.213664,-1.228338,0.5729554,-0.7219087,-0.2386345
0.6725409,-0.2433649,-1.87973,0.3817445,-1.449023,-1.625643,-1.355569,-1.83599,-1.566539,0.7630532,-1.786057,-1.340915
2.133972,-1.974247,-2.593069,-1.569545,-2.3204,-2.827539,-1.716702,-2.830315,-1.16701,-1.311804,-0.6376949,-0.323194
-1.114986,-1.608371,1.178697,0.3048223,-0.2453264,0.7671726,0.4858953,0.421513,0.4628966,-0.4516744,0.151269,0.1602194
-0.7782315,0.8910807,0.144109,0.1035842,-0.1847209,-0.6473103,0.1430041,-0.7629564,0.1329245,-1.313928,0.4111417,1.919419
-0.3841255,-0.0349144,-1.351661,0.1546332,-0.9798589,-1.966024,-1.619399,-0.94135,0.0757245,0.5766476,0.0213588,-0.2160281
-1.152282,1.325377,0.7367603,-0.2953832,0.6765314,0.4782881,0.4548576,0.6178818,0.8229867,-0.0429896,0.8196971,0.668981
-0.1723792,0.236419,-1.191137,-0.8515938,0.0522446,-0.889284,0.1298983,-0.3626323,-0.7361532,2.334327,-1.004199,-1.967208
0.8916479,-0.1051123,0.2693867,1.075312,-0.7117693,-1.016875,-0.6871268,-1.375733,0.5466552,-0.6681816,1.109811,0.93643
0.5512617,-1.752095,-1.594288,-1.595293,-1.307859,-1.350351,0.2015229,-0.7123272,0.0512988,-0.5214208,-0.0797061,0.3285501
0.6699225,-0.4331834,0.9789338,0.3120184,1.079584,2.372953,1.601599,2.232966,-0.0544801,1.296391,-0.822003,-1.198482
-1.70568,-0.525288,-0.2569761,0.0513809,-0.3557889,0.1464522,-0.8208676,-0.3641792,-1.305096,-1.310919,-1.222243,-0.6483768
0.7461427,0.196612,0.494615,-0.4942841,0.1763905,-0.0605026,0.034498,-0.2198708,-1.072127,-1.585238,0.164646,-0.2668206
-3.109393,2.182793,2.09591,1.949242,2.142167,1.136468,1.325811,0.7718394,1.728729,1.027776,1.37859,1.483234
-0.0831021,1.533146,1.103766,0.482798,1.386869,0.8568442,0.0570873,1.163443,1.455419,0.7154577,1.085598,0.8778725
-0.4872625,1.119677,1.203615,1.046139,1.409003,1.50766,0.5190245,1.472625,-0.3649845,-0.0222493,-0.0124287,0.2239454
-0.1023335,-0.0735712,-1.090945,-0.961804,-0.6750121,-1.462307,-0.8947781,-1.318498,-0.8987159,1.298631,-1.023952,-1.698855
-0.2871892,-0.088049,-0.1479197,0.616262,0.2792057,0.9599731,1.055047,0.575954,0.1525778,1.028644,0.1560569,-0.3677163
-1.247406,-0.2617469,0.5561119,-0.0679175,0.2859666,0.1971968,0.1498949,0.4650296,1.24133,0.8400287,1.110443,0.4774395
-0.137502,-0.917014,-0.1746009,-0.2689472,-0.172695,0.3860929,-0.0492065,0.8828992,-0.2599002,1.166822,-0.7725225,-0.8583366
0.8055552,-0.5856315,1.050182,1.029025,2.130601,0.9190754,1.701151,0.9206284,0.9729379,-0.5273435,1.075681,1.266888
0.7473377,-2.091393,-0.7808754,-1.452879,-0.7172288,-1.246485,-0.324331,-0.8155373,-0.0833071,0.6619577,0.0285535,-1.339559
-0.7198145,1.10664,3.169869,1.409909,2.095051,2.05799,1.886654,2.355476,2.006982,-1.105421,1.891851,2.963494
-0.3825923,-0.7277329,-0.0911128,-0.4679847,-0.5492412,0.417355,0.2195814,-0.0405888,-0.737373,0.8407046,-1.135356,-0.7378384
-2.35525,0.0735117,2.605575,2.097363,2.438914,2.172737,1.143212,1.507497,1.200821,1.668691,1.119563,0.1432971
-1.859101,0.0600699,-0.4083281,-0.4756173,0.3571218,0.7893592,0.5007321,1.644823,1.426045,1.563976,1.279327,0.0638793
1.600751,0.4904917,1.065013,0.562573,0.3777718,1.295179,1.854651,1.036636,-0.0030644,2.222109,-0.3734795,-0.7254476
-0.9499984,0.1868258,0.4936151,-0.5853888,-0.2868095,-0.3204028,0.5603992,-0.7152043,2.252586,1.826601,0.6694447,0.4268653
-0.5328131,-0.836929,-0.643927,0.0163966,-0.9305484,-0.044592,-2.349613,-0.7099267,-1.453737,1.527669,-0.3026431,-1.465695
-1.119665,0.7957461,1.49635,0.9607521,1.112802,1.293704,1.383267,0.6826191,0.0320923,-0.1645436,-0.5092322,-1.061201
-0.9615833,0.2207785,0.5758597,1.451913,1.93531,1.028156,1.162079,0.317671,0.774236,-0.5486308,-0.1993468,1.014676
-1.102387,1.759137,0.8832113,0.4407557,0.8249943,1.894464,-0.7811458,1.171168,0.4978088,-0.3347085,-0.0357011,0.1334936
-1.800189,1.144973,0.2165652,-0.0129459,-1.361724,-0.8416848,-1.682961,-0.8821577,-2.392328,-0.5424689,-1.183347,-1.361891
-1.027467,0.4868381,-0.3000006,1.137598,-1.011406,-0.2129893,-0.1924695,0.0521417,-1.169315,-0.7795281,-1.953498,-0.1579204
0.5987332,-0.4041644,-0.3892942,-0.3835312,-0.7796665,-0.3865599,-1.098837,-0.7271436,-0.5128281,-0.9032568,-1.073627,-0.1954453
0.5836563,-0.2547455,0.7049936,0.2638951,-0.1036429,-1.082128,0.631822,-1.74164,-0.8198375,-1.049683,-1.140383,0.359248
0.2012945,-1.361649,0.2363854,-1.205225,0.4608094,-1.030697,0.933091,0.5655369,0.2088586,1.022377,1.357175,-0.1024726
-0.4625338,1.361246,1.772681,1.666155,0.7543086,1.548899,1.016365,0.57191,1.027099,-1.370654,1.028473,1.499087
-0.7030259,0.1795812,1.195631,1.037134,0.5303821,-0.0459728,0.6974519,0.6195481,0.5923495,0.8941023,0.6054442,-0.3229871
1.609115,-1.715081,-0.0222636,-0.1500875,0.7080086,-0.2818061,0.8127822,0.2682568,1.075836,-0.1256618,1.639764,0.5511518
0.328022,0.364513,0.8862088,0.3168658,-0.322975,0.4500006,-0.1044401,0.6365167,0.1883117,0.4277846,0.0679883,-0.0994513
-1.338791,0.7353014,0.8225129,-0.2778341,0.7318416,0.6137259,1.58457,0.8017553,1.469563,0.0708945,1.63888,1.252648
-0.0248774,-1.20871,1.189662,0.557028,1.574946,1.24762,0.7607256,1.336233,2.104782,1.957352,2.179562,1.330801
-0.85136,0.2170188,1.316253,0.3480294,1.571082,1.177799,1.288354,1.019278,-0.1311312,-0.1545997,0.1214173,0.2573244
0.2610683,0.2973712,0.0462353,0.5380696,0.2166193,-0.0849312,0.1254105,-0.0714093,-0.2795136,0.1621516,-1.374099,-0.9355357
-0.3483735,0.4710385,1.061608,0.4959216,1.759404,2.069377,1.793035,1.854252,1.607192,1.459018,2.342282,0.6510019
-0.1256896,1.136094,-0.6658646,0.1956376,-1.365773,-0.0986089,-0.6552398,-0.2613697,0.2653159,0.4383566,-0.1925495,-0.251562
-0.5001724,0.5085864,-0.0583572,-0.5703956,0.1721733,0.7831146,0.3622963,0.6577893,0.8738715,-0.7264332,0.1464542,-0.6242443
0.5755551,1.386733,1.292419,1.535471,1.072801,0.7507796,1.810439,-0.0615311,1.284846,1.133784,0.9067246,-0.0038332
-0.9231754,2.384024,1.58146,0.5874506,1.669509,1.300676,1.145652,1.0777,0.2154522,-0.3151844,-0.7593013,0.5044528
-0.6079026,1.012032,-0.4422076,0.6351998,-0.4787262,-1.106148,-1.044784,-1.323007,-1.020789,-1.408664,-0.5248483,0.0812017
-0.4076923,1.100103,0.5361028,-0.2981175,1.17036,0.3098753,1.932216,0.7066518,2.432985,-0.8982645,3.116372,1.667186
-0.0160081,0.135349,-0.3862816,-0.5684871,0.8076919,-0.0590479,0.6519741,0.6185313,1.2169,-0.3165222,0.5304745,0.764849
-0.8683041,2.336349,1.531619,-0.6439471,0.0386908,0.762133,0.2486523,0.4048153,0.4532956,1.070724,0.9156376,0.0940059
-0.8499987,-0.1665761,1.614651,0.6324899,1.035703,1.51801,-0.3046547,0.8804634,0.1920484,-0.5361949,1.068301,0.7822145
0.0311182,-0.5297143,-0.4048004,0.3555019,-0.7326875,0.6533899,0.4762667,0.3579392,-1.335456,-0.4895823,-0.4873244,-0.8824936
-0.3362639,0.8902873,-0.3783872,-0.725316,-0.6136765,-0.4134122,-0.9161526,-1.500722,-1.186287,-0.4695112,-1.706326,-0.9339112
-1.652006,2.312618,1.119709,1.595253,0.9932604,1.133592,1.117467,0.6726072,-1.303488,-0.5573533,-0.5825309,-0.4027663
0.1858595,-0.5232502,-0.1150098,0.5652071,0.8576012,0.2423306,0.046089,0.1117086,-0.0811547,-0.8892959,-1.78892,0.2015091
1.723931,-1.874701,-0.5194075,0.5419709,0.3446576,-0.6792207,-0.1652758,0.6332709,-0.7834357,-2.443357,-1.878559,-0.5966317
0.34098,-0.139117,-0.4924078,0.3759567,0.4449553,-0.5475338,-0.8099779,-0.356279,0.119741,0.562343,0.0169387,-0.4217321
0.0353681,0.4852868,1.004131,1.047346,2.401743,1.40876,0.3498935,1.324804,1.69652,1.514619,0.5757205,0.6681727
1.055206,-0.1288674,-0.1314788,0.2512294,1.339079,0.2858114,1.319168,0.3700618,0.9863353,-0.3858441,0.2705424,0.7923067
-0.2638684,0.0643222,1.194874,2.688972,0.8648418,1.302709,1.870716,1.511661,0.0246984,0.9194717,0.6548191,0.3563019
1.253371,-2.476174,-1.513308,-1.321175,-1.684187,-0.8457613,-1.245065,-0.5781791,-1.237485,-0.1147869,-1.369153,-1.634676
0.7194194,0.3395883,-1.144228,-0.0300024,-0.1807451,-0.8758807,-1.151676,-1.208176,-0.6628841,0.0395211,-1.312365,-1.568434
1.058551,0.3378274,-0.92711,-1.088223,-0.4706015,-0.487856,-1.029221,-0.6144547,-1.337087,0.9141265,-0.1453783,-1.547025
0.0040079,-1.102343,0.3607413,0.9506713,0.9922996,-0.0516387,0.650077,-0.6200892,-0.0494176,1.56441,0.3374112,-1.474297
0.9965743,0.9530656,-1.130574,-0.4240039,-0.564804,-0.453502,-0.6297898,-0.8523132,-0.4442985,0.5576483,0.2728403,-0.6020783
-0.4776824,0.8368393,0.1892771,-0.3043666,-0.2738612,-0.3063459,0.7576467,-0.2828962,0.5138521,0.5958182,0.824531,0.1921896
-0.3724758,0.1881755,-0.7584531,-1.393804,-0.0865393,0.1661659,-0.4650695,0.0698182,0.5717667,1.001182,-0.0419822,-0.150267
0.5878156,-0.4600225,-0.2306184,0.9393799,-0.0696896,-0.0310724,-0.6556535,0.2722433,-0.8331649,-0.7844518,-0.4402871,0.7230288
-0.8154023,-0.8289949,-1.203895,-0.9960116,0.1125837,-0.3304003,-0.6162343,-0.5752712,0.4357378,1.481487,0.4034092,0.2910946
-0.2571866,-1.242424,0.2076395,1.199815,0.1007794,1.065807,0.9021356,1.994347,0.1162631,0.1836502,-0.4097641,-0.1301543
-0.9253356,0.1883395,0.4750771,0.0619734,-0.1377328,-0.1531522,0.1269668,-0.0680113,0.556534,1.232998,0.8037117,-1.038643
-1.226723,0.3585665,-0.9560575,1.254288,0.0043991,-0.9160802,-1.549301,-1.174476,-0.6133124,1.043499,-0.5454556,-1.035543
0.1687147,0.1319286,-0.3135154,-0.1146271,0.2620614,0.2379513,-0.4529025,-0.1280738,-0.8170878,-1.838338,-0.3273734,0.9689022
0.1822142,-0.7260034,-1.075645,-1.081914,0.2911431,-0.4465973,-0.051133,-0.4435632,-1.259645,0.8934711,-0.5929469,-0.7726289
2.593477,-1.231962,-0.6650223,-0.2712353,0.5125716,0.2326155,0.7455183,0.438917,0.6280607,-0.4522862,-0.6650282,1.179179
-0.3920286,-1.250906,-0.8819615,-0.7232441,0.0906224,-0.0890898,-0.5532687,-0.367666,0.6098446,0.1138408,-0.3450783,0.4180073
0.8068666,-0.1903495,-1.574842,-1.984243,-0.7990525,-1.446887,-1.824267,-1.787829,-1.305723,-0.3816484,-0.4080904,-0.4213056
0.6474152,-0.5133306,-0.9975988,-1.378115,-0.2260435,-0.4390181,-1.185216,0.2387368,-0.9568099,0.3401361,-1.043461,-0.1455824
0.4021274,-1.583142,-0.1313994,-1.44849,-0.3140976,-0.9365354,-0.0101964,-0.0632389,-0.5384485,-0.8732702,-0.0126611,0.4306072
-0.0590734,0.5186448,-0.1289331,0.0113205,0.6433383,0.1357822,0.7293903,0.1039097,-0.7163597,-0.3368274,0.3874162,0.2606089
0.0755155,-1.14382,-0.3059605,-0.4990496,0.8853644,-1.243963,-0.1714579,-0.1568646,0.4298066,0.8563349,0.8705944,-0.4186263
0.1772979,0.0195874,0.0330357,0.6102844,-0.2189245,0.0219318,-0.5610637,0.0129424,-0.6976808,0.2802112,0.4280616,-0.3106129
2.477417,-2.045455,-3.205293,-3.760733,-3.122554,-1.807033,-1.803124,-1.440625,-1.936945,0.2015958,-1.164404,-1.721005
0.3202799,0.5430998,0.484226,1.682217,0.7148348,0.7840568,0.2813618,1.135784,-1.643305,-0.3672495,-0.9584334,-0.7009494
-0.2617449,-1.124962,0.3249352,0.1899427,0.9259028,1.410151,0.9973162,1.961042,1.764088,0.2401961,1.948376,1.357317
0.8880466,1.167426,1.035862,1.700427,1.370691,1.782689,1.299146,2.073724,0.9785478,-2.213378,0.8571526,0.6039039
-0.5989682,0.5831606,0.2979768,0.4667003,0.1345953,0.8195392,-0.6306602,1.855847,0.1456384,1.502368,-0.1758328,0.9939523
-0.5454833,1.968605,0.8302805,0.8943288,0.7325513,0.4119736,1.465726,0.605725,0.0684106,-0.0784757,-1.572416,-0.3094293
0.6000046,0.266333,-1.429169,-1.258316,-1.321087,-1.414667,-1.131429,-1.391417,-0.6116754,0.57098,-0.6526858,-1.196546
-0.8293504,-0.9512642,-0.554581,1.986957,0.8667957,-0.3982044,-0.4340921,0.075461,0.0916385,0.5102634,0.0064678,0.8368093
-1.519905,1.610064,0.0526995,-0.1766022,-0.2265564,-0.2389262,-0.2605284,-0.3490166,0.1116781,0.4967575,0.2504967,-0.8535702
1.118355,-0.1437874,-0.3419865,-0.9390114,-0.1967847,-0.5608452,-0.5105997,-0.8373422,0.3108519,-1.004301,0.1915431,1.489648
-0.2104121,0.2715054,-1.195632,-0.5272955,-0.7549701,-1.371922,-1.661255,-1.49604,-0.3818336,2.202387,-0.3842885,-1.998656
0.2909732,0.5995507,1.929507,0.7830091,0.5000899,1.664375,0.7652419,1.385492,-0.3252751,1.77501,0.2331497,-0.6565806
0.672349,-3.213696,-3.26907,-0.9455781,-1.513475,-1.978408,-1.97904,-1.712082,-1.660481,0.3963966,-1.39351,-1.561759
1.94411,-1.341501,-2.416903,-1.545116,-2.090808,-2.602391,-1.091864,-2.429199,-2.19292,-1.292734,-1.973055,-1.069454
0.4212134,-0.3050365,0.240849,-1.022978,-0.3925912,-0.2369426,-0.4155771,-1.046472,0.9506493,-0.2786602,0.8548171,1.211736
-0.0536442,-0.5432695,-0.3524289,-1.87242,-0.9943926,-1.093111,-0.0571561,-0.57166,0.8624313,-0.399146,-0.584411,0.1791113
-0.073161,0.8693746,-0.1903896,0.658222,-0.3440443,-0.5870817,-1.547957,-1.249628,-1.304218,-1.236608,-1.728614,-0.1117267
-1.300921,0.6479048,-0.1651519,-1.396952,-1.602369,-0.9463594,-0.9446909,-1.633146,0.4586341,1.575498,0.7362353,-0.149155
0.3566141,-0.4328022,0.8785216,0.4978864,1.384636,1.446578,1.480189,1.327087,0.9926378,-1.84427,0.6094383,1.304856
-0.193582,-0.2330731,0.6645325,0.5739951,0.3281994,0.6885895,0.6406196,0.9603822,0.0954122,1.31733,-0.1508612,-1.525256
-0.7949284,-0.4040508,-0.4932806,0.7963054,2.239519,-0.1186738,-0.6912848,-0.2139577,-0.9458564,-0.5420319,-0.2782653,-0.4257423
0.7370139,1.218061,1.565454,0.5176368,0.1985845,1.531921,1.303309,1.73709,1.720633,0.69272,0.1928823,0.3644217
0.192446,-0.4025525,0.1885561,0.2975835,1.594861,0.2997387,-0.0489899,0.2932914,-0.7854232,-2.737267,0.0789304,1.041301
-0.7946506,0.2442579,1.531261,2.027081,1.33112,0.5579693,0.8017806,0.2637331,0.739084,-0.9569483,2.378646,1.48859
2.064682,-1.40095,-0.5536291,-0.7931809,-0.6277382,-0.7519204,-0.2828116,-1.201717,-1.961288,1.006639,-1.628699,-0.2715035
2.023063,-1.219579,-2.08454,-1.292357,-1.75953,-1.422087,-1.46227,-2.005717,-2.555882,0.0574151,-3.298229,-2.592136
-0.7020003,-1.385406,-0.5949045,1.00589,-0.4857526,-1.543572,-2.08024,-1.166647,0.22024,-0.0553283,0.2883931,-0.3760303
-0.2070305,-0.6604276,0.1017653,0.3510543,-0.5582964,0.9598674,0.6935591,0.9917818,-0.6873514,1.677744,-1.477963,-2.398304
-0.2647937,1.641788,0.7805695,1.597397,1.044911,-0.0334527,0.2670804,-0.0341213,-0.3585253,1.058237,0.1104342,-1.32036
0.3227703,0.1178374,-0.8926135,0.0028549,-0.3110348,-0.7779905,-0.6224828,-0.9922414,-0.6913472,-0.3239698,-0.9035783,-0.501474
-1.059978,1.467048,-0.5741832,-0.2303779,0.4076884,0.269019,0.0236558,0.5288762,0.4542614,0.6844926,-0.0500237,-0.470855
-0.3413008,0.8593493,0.3951995,0.1852869,-0.0292108,0.6868052,-0.2736451,0.5668199,0.5577458,0.7711344,1.384871,1.196789
0.8452681,-1.119905,-1.22159,-0.5116446,-1.11851,0.1218132,-0.9263501,0.3964742,-2.034294,-0.6678435,-2.547125,-1.369308
0.8947843,0.8617985,-0.4030364,-1.241923,-0.066135,-0.0964914,-0.1188739,-0.0246694,-0.4950934,1.132234,0.0560966,-0.3885066
-0.0283435,-0.5228788,1.108963,1.392306,1.234005,1.111975,1.451166,1.249443,1.066692,0.7396863,0.8392695,1.251011
-0.085044,0.2248114,0.7310245,1.056277,-0.0781205,0.2856561,0.0235639,0.1211582,1.74423,1.077298,1.624025,0.6924501
-0.6195401,0.9377497,-0.026044,-0.5881306,-0.5233002,-0.2786819,-0.3919915,-0.2055861,0.4662388,1.731037,0.3294638,-1.281052
1.691435,-1.785078,-1.1533,-0.6693196,-2.006585,-1.087903,-0.6405478,-0.0792856,-1.870847,0.3080333,-2.933769,-2.246124
-0.8645643,-1.241843,-0.5327004,0.4623162,0.2191502,-0.7928157,-0.4864068,0.0295346,-0.4457077,-0.5471508,-0.6328931,-0.1795483
-0.5898936,-0.6327457,0.5529178,0.4704203,0.6324854,0.5115958,0.1250571,0.6093183,0.1768142,0.6023769,-0.7900652,-0.9656079
-0.6430532,0.0532284,-0.1232726,-0.1556206,-0.6101325,-0.3402149,-0.4387104,-0.4781599,-0.8436483,-0.9646375,-0.7489472,0.6323621
-0.3897507,0.0450993,0.2594452,-0.4827069,0.4516119,1.213218,1.214278,0.8815773,0.4783135,1.055373,-0.6458957,-0.9274
0.5763397,-0.1320976,-0.3509704,-1.22122,-2.225532,-1.740109,-0.5471224,-1.920384,-1.770518,-0.4049519,-0.9022487,-1.428739
0.6980849,-1.755009,-0.3326632,0.2464883,0.3222038,-0.2150605,0.4298048,-0.2038207,0.3262483,-0.502716,-0.9020278,0.1128483
0.9977006,1.147359,-1.327668,-0.7084341,-0.3664819,-1.004378,-1.086663,-0.4790354,-0.2953581,-1.042928,0.7467769,1.245856
-0.8834183,1.732672,0.7879936,0.8308639,1.555611,1.502849,1.883519,0.7332788,0.4046967,-0.2778006,-0.3030558,-0.5212383
-1.615897,1.388206,1.119612,0.7412534,-0.2214913,-0.183038,0.1278756,-1.259931,0.4555983,1.456936,0.4551663,-0.1859041
-1.7785,0.2260613,1.186698,0.7136842,1.153716,1.563509,1.577532,1.111477,1.406488,-0.625694,0.5834097,1.630578
-0.6312826,-0.0143127,0.0717598,-0.0876678,-0.4380721,-0.0886692,0.7980877,0.1411887,-0.9161387,-0.4851622,-2.590489,-0.8136293
2.302754,-0.834215,-1.204922,-0.734334,-0.5328717,-1.298995,-1.475613,-1.899179,-0.1759748,1.46952,-0.0233922,-0.6852011
-0.1676394,-0.4673725,0.8239689,2.184592,1.747956,1.502481,-0.024709,1.553275,1.403046,1.121691,0.5129828,0.5129707
0.5528517,-0.2198156,-1.02149,-0.4483043,-0.4789805,-0.8254572,0.2468346,-0.4425355,-0.2133416,-1.541532,-0.1293741,-0.2511443
-0.0375651,-0.2425377,-0.1527358,-0.0362544,0.552597,-0.521529,0.4117681,-0.264186,0.7018427,-0.2511871,-0.1164798,-0.8613354
0.6299218,0.1784935,-0.4692572,-0.2285416,0.0558984,-0.6585412,-0.4564028,-0.8961368,-0.4747722,-0.9004467,-0.5232425,0.4763212
-0.5234234,1.795761,-0.2780596,-0.2425808,0.3442143,0.1337929,-0.3428567,-0.0933168,-0.1903976,-0.3972432,0.5620723,0.558794
0.7594318,-0.5921399,0.3329814,1.045125,0.5499713,0.6407977,0.0370312,0.6578912,0.7144101,-0.202877,0.661086,0.2721348
1.005945,0.3189262,-0.7212585,0.7229837,0.086297,-1.299464,0.3653889,-0.5027752,0.4536653,0.1891191,0.1645229,-0.4425706
0.6595812,0.6400879,1.009755,1.005286,1.756691,0.6103516,1.172679,0.6839443,1.61603,0.800778,0.5707578,0.7767114
1.211873,-0.9287218,0.352621,-0.9257905,0.9318093,0.2706572,-0.7018473,1.019177,-0.8397909,0.3505826,-0.9545547,-2.123937
-0.0792933,-0.3186871,-0.844624,-1.252453,-1.182984,-0.435049,0.0072513,-0.6200449,-0.5591391,-1.022784,0.1625055,1.085369
-0.3052066,-0.848146,-0.0587613,0.1175749,-0.4920783,-0.8584635,-0.9588578,-2.138054,0.4669053,1.0075,-0.7602816,-1.068116
-0.762098,0.5393939,0.7856974,0.8609743,-0.6962909,0.4014923,-0.4992814,-0.3947979,-0.3092596,-0.7912832,0.4099096,0.0628578
0.0145004,-0.4204466,-1.456142,-1.882403,-0.910896,-1.26765,-1.065096,-0.6862414,-0.1329354,-1.199333,0.075311,0.3788512
-1.430763,-0.3794621,0.1368298,0.1704326,-0.8992959,-0.1706186,-1.530358,-0.7158555,-0.8680759,-0.0516683,-0.2681474,-0.3545465
2.347759,-0.6130295,-3.525905,-3.22903,-2.673344,-2.467744,-1.842507,-1.96981,-1.312156,-1.545281,-0.8222708,-2.177393
0.6352516,-1.741186,-0.5739112,0.6790021,0.0053004,-0.5295221,-0.9228762,-0.1885049,-0.3365084,-1.022605,-0.3012298,1.19362
0.3783353,-0.2693328,0.1615887,1.375951,-1.420404,-0.0025609,-1.42809,-0.8463984,-2.285303,-0.2140575,-3.192904,-1.430354
1.773982,-0.5852288,-1.657932,-2.136219,-1.096165,-0.8551776,-0.8882068,-0.83283,-1.542544,1.147639,0.1426435,-1.567997
0.5511406,-1.16925,-0.6828245,-0.566739,-0.482724,-0.6874545,0.2578506,-0.9703453,-0.3634396,-1.389729,-0.3985983,1.420948
-1.029955,0.1490003,0.5147218,-0.3546624,-0.6342658,-0.0998809,-0.7585037,-0.0788015,-1.150538,0.9599627,-0.1932608,-0.7035466
-0.4052249,1.63736,0.8977377,0.32691,0.4672294,0.7818831,0.725344,0.3631646,0.55682,0.9359351,-0.1212255,0.024463
-0.5836999,1.303398,0.1533069,1.522845,0.6875398,0.3013853,0.960263,0.3549733,1.593389,-0.8517973,1.974543,0.5814672
1.070181,0.3200531,0.0202997,-0.1500028,0.2680247,0.165391,0.8895248,-0.0063496,0.4197465,0.1537886,1.661334,0.8342291
0.7020013,-0.2034158,1.679883,0.8165902,0.9693827,1.389473,0.3157432,1.907907,0.0214396,0.3197898,0.766164,0.1167834
-0.5586029,-0.2080427,1.642776,0.5176743,0.8838175,1.311143,0.9353107,1.114372,0.4111012,-0.0471624,0.3412634,-0.0340671
0.1966258,-1.286756,0.8609446,-0.4848077,0.6343449,0.3578826,0.6152942,0.3937346,1.584997,0.0204394,1.618677,0.2552349
-0.9497484,-0.1350096,0.0266692,-0.1016901,-0.0347802,-0.1508509,-0.9121881,-1.002432,-0.931927,-0.1768092,-0.3711182,-1.025482
-1.108766,0.1276606,0.1589219,-0.1922486,-0.151795,-0.2921744,0.1034769,-0.3149511,-0.9727099,1.21708,-0.5952201,-1.366991
-0.6536811,1.52595,0.960616,1.181718,0.0659909,0.1132699,0.5318322,0.0271418,-0.5658416,-0.8623872,-0.8082348,-0.1534063
0.5533191,1.690889,0.5657339,-0.4086856,0.544404,-0.112314,0.0589284,0.3032526,-0.7250469,-0.0456729,-0.1048832,-0.5948852
1.018309,-1.396491,-2.182727,-1.474369,-1.11488,-1.356657,-2.046394,-1.555779,-0.3161987,-0.2896955,0.5496693,-0.0242243
1.352362,-1.130999,-0.8952563,-0.7937987,0.4800486,-0.3416625,0.5248911,0.3724883,0.9158682,1.208152,-0.4462573,-0.2978658
-0.9935139,-0.2563033,0.7481966,1.606505,1.07899,0.7199721,0.4848768,1.047149,-0.8906149,0.0272865,-1.127026,-1.123373
-0.2089515,0.9793079,-0.7934189,0.3524244,0.9357525,1.045735,-0.4937524,0.5385116,-0.8622894,0.4309381,-1.18592,-0.4854401
-0.3790497,0.2922705,-1.746937,-1.295283,0.0910604,-0.7215097,-0.8286724,-0.7025592,-0.0151377,0.5985945,-0.2968902,-0.6632683
1.640666,-0.8300359,-0.63872,-0.315825,-1.760644,-1.775803,-1.470343,-1.753723,-1.243086,0.6963096,-0.1895779,-0.1992026
-1.507627,2.429151,1.152985,0.2172076,0.5987934,0.3857853,0.6694723,-1.172011,-0.9382725,0.6836355,0.4184968,0.760375
1.998658,-0.7346131,-1.338704,0.0268445,-0.9144712,-0.0943941,-0.9973461,0.0492405,-0.737912,-0.4372184,-1.628668,-2.150959
1.281839,-1.850337,-0.5486278,-1.090681,0.1938095,-0.474825,-0.9490649,-1.218605,0.9483505,0.1035611,1.169641,-0.0684715
-0.5719621,0.0010061,-0.2263371,-0.7133388,-0.848129,-0.1371911,0.3485803,-0.3215336,-0.6112617,-0.4535221,-0.8268033,-0.5712706
-0.5659322,-0.5711485,-0.216328,0.2850551,-0.4860537,-0.3450578,-0.8494671,-1.239156,-2.085591,-3.039874,-1.489345,0.8011758
0.8663864,-2.34238,-0.9272071,0.0833446,0.3954909,-0.2344438,-0.817146,-0.3462175,0.7805839,-1.014531,0.4063425,1.42344
0.0509508,-0.5912134,-1.275172,-0.8269845,-1.208723,-0.6832274,-1.133273,-0.531599,0.0310003,-0.5455793,0.4492476,-0.5750539
0.3711801,-1.117841,-1.262305,-1.109094,0.0201372,-0.9983827,0.5006375,-0.5812939,0.7463047,-0.4359164,1.208804,0.5680248
-0.724708,1.568772,-0.0577296,2.021403,1.307635,0.6817781,-0.0080429,0.4066429,-1.056132,-1.063737,0.1740149,0.1243034
0.779114,-0.2137982,-2.029522,-2.001927,-1.719464,-2.12972,-1.679995,-1.204187,-0.8733792,-0.4465639,-0.1431649,0.0142502
2.038992,-0.324653,-0.7222859,-0.3037184,-1.018971,-1.245314,-0.8094748,-0.7265615,-1.196086,-0.5044526,-1.111156,-1.149986
0.8469569,-1.175769,0.8078312,1.036613,0.6810931,-0.0571727,0.2464998,-0.2761425,0.0747144,0.6207044,-0.1291337,-0.2978116
0.0115582,0.186612,-0.2315908,-0.1642268,-0.6014343,-0.9887348,-1.399852,-0.6919886,-1.387106,-1.546591,-2.100458,-1.150463
0.3627622,1.469145,-0.0669239,-0.4962957,0.3199811,-0.1150543,-0.4208288,0.4409043,0.231239,0.3743226,-0.2298079,0.0404383
1.301128,-0.4443723,0.0321886,0.6352119,1.34763,0.0493906,-0.4576052,0.3905419,0.0156789,0.0736515,-1.046436,-0.4849735
1.115058,0.0601495,0.4888808,0.7116878,-0.1051738,0.1208765,0.8252028,-0.0358188,-0.2700865,-0.3031571,-0.085759,0.2763917
3.328277,-1.359904,-0.4511168,-0.0748162,0.0533412,0.3431362,-0.1050633,1.066087,1.585267,0.0889325,1.381152,0.4372999
-0.3003974,-0.6331104,-0.241302,0.2015693,0.0511195,-0.9411157,-1.802143,-0.5092135,-0.2954092,0.6985703,0.4758744,-0.8047566
-1.394545,-1.105491,-1.119276,-0.7423266,0.3367858,0.88596,0.6295183,1.717603,1.112325,-2.075309,0.3778061,0.9826874
1.16761,-1.866561,-1.552431,-1.187771,-2.329268,-1.413815,-2.582184,-1.779763,-0.9167084,-0.5793244,-0.8484867,1.51672
-0.3374799,-0.9122204,-0.9145381,-0.2054147,-0.1208253,0.0186917,-0.327261,0.3212285,-0.4682606,-0.5604893,-0.0220428,0.0823237
-1.120666,1.411064,1.337396,1.515852,1.039686,-0.1142555,0.8890712,0.7473314,0.0931077,2.552302,1.243629,0.2057514
0.0341571,0.0151829,-0.2216551,0.5249313,0.0268441,-0.6908873,-0.6433948,-0.9776073,0.0940443,-1.753892,0.2667934,1.058908
0.5571776,-0.8694651,-1.399377,0.2390283,-1.047624,-1.398303,-0.1432318,-1.260573,-0.7700275,-0.247713,-0.1365203,0.1906357
1.031113,0.350581,0.9997408,0.2843421,0.1812793,0.2009931,1.233605,-0.1958928,-0.8731447,0.8670915,-0.6611044,-1.587134
1.013015,0.3770998,0.200276,1.236954,1.638046,0.5878559,1.985138,0.6551088,0.4759249,0.0075275,-0.1828874,1.053778
0.498464,-0.3388087,-0.4645715,0.0028018,-0.4186048,-0.4208371,0.1702327,-0.4928956,-1.556274,-0.9373236,-0.7255581,0.3036362
1.022553,0.5571759,-0.3242083,0.0235173,0.8640661,0.1128222,-0.3403431,0.6280973,0.748773,0.851868,-0.3481597,0.4319802
0.1672007,0.4857299,-0.0484394,0.4977207,-0.3214659,0.2854742,1.394894,-0.0197666,-0.4381787,-0.1583903,0.8523095,-0.0814243
-0.3910469,-0.4863515,-0.4974233,-0.7872118,-0.8521802,-0.7060181,0.0304251,-0.3852517,-0.809753,-0.4737442,-1.091513,0.1797328
-0.9022207,-0.9608244,0.0214532,0.6406962,0.2425974,0.3086875,-0.0279564,1.010145,1.159353,0.6813487,0.9772993,1.133156
-0.5695756,0.3001677,0.7509473,-0.4518135,0.8147184,1.132794,-0.071218,0.7192969,1.328461,0.526994,1.712095,0.2632852
-2.263407,-0.3404731,0.0362679,0.4002903,-0.1809546,0.6263109,-0.425413,-0.0432311,0.3274111,-0.1404521,0.633559,0.7966526
-0.3599253,0.8025676,0.1206236,-0.679169,-0.2927006,1.224979,0.4475929,0.8856446,0.2871656,0.3346158,0.3414905,1.056066
0.5369411,-0.5751442,-0.3937448,0.0860869,-0.3665367,0.7032958,-0.3787138,0.1084259,0.2577785,-0.4203128,0.2078503,-0.552466
-0.1093764,-0.8675011,0.3692411,-1.216009,-0.4720281,0.3888996,-0.0185587,0.087226,1.515843,1.416581,2.021065,0.8040233
0.5205892,-1.063437,-1.751207,-0.9503462,-2.72349,-1.983763,-2.393232,-2.13341,-1.768235,-0.5721818,-2.088604,-1.34432
